"data_pregao","preco_abertura","preco_minimo","preco_ultimo_negocio","preco_medio","preco_maximo","volume_total_negociado","cod_negociacao","nome_empresa"
2020-02-06,19.8,19.68,20.6,20.44,21.77,444477112,LWSA3,LOCAWEB
2020-02-07,20.5,20.23,20.3,20.66,22.0,64421268,LWSA3,LOCAWEB
2020-02-10,20.6,19.4,20.2,19.75,20.6,59974941,LWSA3,LOCAWEB
2020-02-11,20.35,19.5,20.2,19.99,20.49,65947788,LWSA3,LOCAWEB
2020-02-12,20.37,20.3,21.92,20.8,21.92,49696607,LWSA3,LOCAWEB
2020-02-13,21.32,20.94,22.0,22.03,22.65,24225485,LWSA3,LOCAWEB
2020-02-14,22.01,22.0,22.4,22.56,23.07,27427702,LWSA3,LOCAWEB
2020-02-17,22.61,22.61,23.3,23.32,23.62,16902516,LWSA3,LOCAWEB
2020-02-18,23.3,23.1,23.6,23.56,24.2,19359893,LWSA3,LOCAWEB
2020-02-19,23.76,22.7,24.0,23.41,24.04,36507628,LWSA3,LOCAWEB
2020-02-20,24.35,23.39,25.5,24.46,25.65,11207322,LWSA3,LOCAWEB
2020-02-21,24.9,24.18,24.6,24.58,25.33,41366101,LWSA3,LOCAWEB
2020-02-26,23.0,21.05,21.9,22.27,23.69,43764064,LWSA3,LOCAWEB
2020-02-27,21.53,20.06,20.82,20.85,21.53,32986973,LWSA3,LOCAWEB
2020-02-28,20.59,19.8,21.3,20.49,21.47,25777898,LWSA3,LOCAWEB
2020-03-02,20.99,20.85,24.0,23.22,24.0,16244688,LWSA3,LOCAWEB
2020-03-03,24.07,22.66,24.49,23.91,25.0,19607287,LWSA3,LOCAWEB
2020-03-04,25.13,22.65,24.19,23.5,25.45,43971612,LWSA3,LOCAWEB
2020-03-05,23.8,21.87,22.0,22.42,23.8,20418261,LWSA3,LOCAWEB
2020-03-06,20.85,19.64,19.9,20.04,20.85,43081432,LWSA3,LOCAWEB
2020-03-09,16.6,16.6,17.5,17.68,18.88,18619190,LWSA3,LOCAWEB
2020-03-10,19.0,18.12,19.0,18.77,19.8,11026255,LWSA3,LOCAWEB
2020-03-11,18.9,17.52,19.25,18.44,19.25,9350606,LWSA3,LOCAWEB
2020-03-12,16.59,14.7,16.09,16.75,18.5,4872689,LWSA3,LOCAWEB
2020-03-13,19.65,15.65,17.54,16.62,19.65,27201724,LWSA3,LOCAWEB
2020-03-16,15.16,13.75,15.1,15.12,15.35,82932697,LWSA3,LOCAWEB
2020-03-17,15.94,14.61,15.0,15.14,15.94,7295534,LWSA3,LOCAWEB
2020-03-18,13.52,11.15,12.0,11.99,14.0,14861612,LWSA3,LOCAWEB
2020-03-19,12.0,10.87,12.11,11.44,12.8,25115074,LWSA3,LOCAWEB
2020-03-20,12.7,11.5,11.61,11.96,13.45,8483930,LWSA3,LOCAWEB
2020-03-23,11.62,9.72,10.2,10.08,11.62,13559416,LWSA3,LOCAWEB
2020-03-24,11.32,10.6,13.2,11.71,13.2,10186653,LWSA3,LOCAWEB
2020-03-25,12.82,12.82,14.81,14.05,14.99,15657078,LWSA3,LOCAWEB
2020-03-26,14.99,14.65,16.35,15.86,16.58,6337497,LWSA3,LOCAWEB
2020-03-27,15.4,14.88,17.45,16.25,17.79,8360827,LWSA3,LOCAWEB
2020-03-30,17.45,16.75,18.35,17.63,18.38,6392668,LWSA3,LOCAWEB
2020-03-31,18.34,17.71,18.0,18.0,18.35,5923277,LWSA3,LOCAWEB
2020-04-01,17.15,14.65,15.0,15.94,17.8,18019976,LWSA3,LOCAWEB
2020-04-02,15.5,13.77,14.46,14.23,15.5,23630968,LWSA3,LOCAWEB
2020-04-03,14.25,13.36,16.72,14.34,17.26,55756065,LWSA3,LOCAWEB
2020-04-06,17.22,16.25,17.55,16.88,17.8,31009035,LWSA3,LOCAWEB
2020-04-07,18.5,17.54,18.58,18.07,19.0,45468985,LWSA3,LOCAWEB
2020-04-08,19.0,17.78,19.01,18.55,19.73,30029722,LWSA3,LOCAWEB
2020-04-09,19.2,19.2,19.96,19.98,20.55,29500393,LWSA3,LOCAWEB
2020-04-13,20.0,18.69,18.69,19.49,20.49,49858566,LWSA3,LOCAWEB
2020-04-14,19.4,18.85,19.64,19.39,19.64,19750068,LWSA3,LOCAWEB
2020-04-15,19.44,18.94,19.4,19.59,20.0,3948567,LWSA3,LOCAWEB
2020-04-16,20.0,19.15,19.5,19.48,20.1,7764055,LWSA3,LOCAWEB
2020-04-17,20.18,18.77,19.35,19.45,20.18,17466807,LWSA3,LOCAWEB
2020-04-20,19.19,18.87,20.51,19.88,20.51,17935754,LWSA3,LOCAWEB
2020-04-22,20.79,20.78,22.5,22.7,24.84,26759427,LWSA3,LOCAWEB
2020-04-23,23.0,21.4,22.0,22.24,23.52,9371581,LWSA3,LOCAWEB
2020-04-24,21.98,20.15,22.54,21.53,22.54,16699477,LWSA3,LOCAWEB
2020-04-27,22.59,21.99,23.2,22.73,23.5,15453655,LWSA3,LOCAWEB
2020-04-28,24.18,23.7,23.7,23.97,24.54,40052244,LWSA3,LOCAWEB
2020-04-29,23.8,23.38,23.55,23.66,24.17,19552730,LWSA3,LOCAWEB
2020-04-30,23.52,22.53,22.76,23.03,23.85,31431186,LWSA3,LOCAWEB
2020-05-04,22.38,21.53,21.94,22.05,22.96,8138210,LWSA3,LOCAWEB
2020-05-05,22.1,21.71,22.28,22.68,23.3,13167283,LWSA3,LOCAWEB
2020-05-06,22.45,22.07,24.26,23.25,24.26,29670053,LWSA3,LOCAWEB
2020-05-07,24.65,23.32,24.4,24.12,24.8,11586908,LWSA3,LOCAWEB
2020-05-08,24.62,23.53,24.01,24.16,24.62,15947509,LWSA3,LOCAWEB
2020-05-11,24.01,23.51,23.8,23.8,24.3,7054291,LWSA3,LOCAWEB
2020-05-12,23.8,23.66,23.75,23.97,24.5,7496249,LWSA3,LOCAWEB
2020-05-13,23.7,23.62,24.1,24.16,24.5,21183891,LWSA3,LOCAWEB
2020-05-14,23.5,22.81,23.75,23.47,23.82,25891975,LWSA3,LOCAWEB
2020-05-15,23.32,22.51,24.2,23.3,24.26,15392074,LWSA3,LOCAWEB
2020-05-18,24.65,23.84,24.8,24.41,25.0,14695826,LWSA3,LOCAWEB
2020-05-19,24.65,24.26,25.0,24.76,25.01,19565392,LWSA3,LOCAWEB
2020-05-20,25.01,24.62,24.96,25.06,25.85,17704458,LWSA3,LOCAWEB
2020-05-21,24.96,24.61,24.61,24.91,25.39,24935481,LWSA3,LOCAWEB
2020-05-22,24.0,23.6,24.5,24.25,24.84,17499519,LWSA3,LOCAWEB
2020-05-25,25.39,24.85,25.0,25.13,25.67,21031695,LWSA3,LOCAWEB
2020-05-26,25.22,24.77,25.38,25.31,25.82,21281357,LWSA3,LOCAWEB
2020-05-27,25.41,25.41,26.5,26.69,27.36,30947990,LWSA3,LOCAWEB
2020-05-28,26.71,26.21,26.5,26.72,27.27,23880724,LWSA3,LOCAWEB
2020-05-29,26.53,24.53,26.2,25.62,26.73,138263379,LWSA3,LOCAWEB
2020-06-01,26.3,26.3,26.89,26.82,27.2,28641257,LWSA3,LOCAWEB
2020-06-02,27.49,27.11,28.0,27.44,28.0,70437852,LWSA3,LOCAWEB
2020-06-03,28.1,28.1,29.5,29.38,30.0,32546353,LWSA3,LOCAWEB
2020-06-04,29.5,29.13,29.5,29.41,29.68,28879099,LWSA3,LOCAWEB
2020-06-05,29.92,29.1,29.5,29.63,30.0,18712407,LWSA3,LOCAWEB
2020-06-08,29.75,29.41,29.95,29.81,30.0,35760266,LWSA3,LOCAWEB
2020-06-09,29.59,29.01,30.6,29.84,30.6,21402667,LWSA3,LOCAWEB
2020-06-10,31.0,29.71,30.05,30.48,31.92,23674528,LWSA3,LOCAWEB
2020-06-12,28.85,28.0,30.4,29.56,30.44,33453479,LWSA3,LOCAWEB
2020-06-15,30.0,29.55,31.79,30.63,32.15,27017777,LWSA3,LOCAWEB
2020-06-16,32.36,31.17,32.46,31.92,32.8,40155534,LWSA3,LOCAWEB
2020-06-17,32.14,31.99,32.7,32.56,32.84,26576446,LWSA3,LOCAWEB
2020-06-18,32.71,32.63,33.39,33.36,33.94,44206567,LWSA3,LOCAWEB
2020-06-19,34.3,33.85,34.3,34.53,35.35,179749878,LWSA3,LOCAWEB
2020-06-22,34.87,33.52,34.0,34.26,35.58,27808044,LWSA3,LOCAWEB
2020-06-23,34.38,33.52,36.34,35.04,36.65,34777393,LWSA3,LOCAWEB
2020-06-24,36.2,34.96,35.9,35.59,36.2,32090419,LWSA3,LOCAWEB
2020-06-25,36.0,36.0,39.38,38.33,39.97,86619618,LWSA3,LOCAWEB
2020-06-26,39.39,39.39,41.5,41.46,42.44,106598578,LWSA3,LOCAWEB
2020-06-29,41.49,41.43,42.63,42.07,42.79,48547341,LWSA3,LOCAWEB
2020-06-30,42.8,42.71,43.2,43.31,43.94,55901782,LWSA3,LOCAWEB
2020-07-01,44.79,43.8,47.7,45.77,47.87,160565620,LWSA3,LOCAWEB
2020-07-02,49.5,46.62,47.24,48.17,50.41,131477057,LWSA3,LOCAWEB
2020-07-03,47.35,47.35,48.26,48.29,49.0,53008632,LWSA3,LOCAWEB
2020-07-06,49.1,45.88,46.4,47.05,49.3,103655419,LWSA3,LOCAWEB
2020-07-07,46.4,43.8,43.99,44.48,46.68,112688624,LWSA3,LOCAWEB
2020-07-08,44.19,44.12,45.68,45.11,45.96,100654878,LWSA3,LOCAWEB
2020-07-09,46.25,45.83,46.93,46.59,47.33,79631580,LWSA3,LOCAWEB
2020-07-10,47.19,46.93,48.31,47.93,48.45,69831797,LWSA3,LOCAWEB
2020-07-13,48.71,47.16,47.55,48.15,49.28,61643560,LWSA3,LOCAWEB
2020-07-14,47.31,45.8,47.14,46.8,48.0,68821026,LWSA3,LOCAWEB
2020-07-15,47.74,45.11,45.9,45.95,48.24,86497262,LWSA3,LOCAWEB
2020-07-16,45.37,44.27,44.8,45.18,46.69,55107997,LWSA3,LOCAWEB
2020-07-17,45.0,44.8,45.0,45.05,45.58,41845893,LWSA3,LOCAWEB
2020-07-20,45.4,45.3,46.85,46.22,46.91,58639263,LWSA3,LOCAWEB
2020-07-21,47.25,46.3,46.5,46.96,48.22,63153967,LWSA3,LOCAWEB
2020-07-22,46.59,45.8,47.48,46.85,47.74,69262746,LWSA3,LOCAWEB
2020-07-23,47.53,45.1,45.29,46.17,47.89,39455599,LWSA3,LOCAWEB
2020-07-24,45.25,42.14,44.0,43.62,45.25,68188486,LWSA3,LOCAWEB
2020-07-27,44.19,43.32,43.85,43.97,44.89,28684061,LWSA3,LOCAWEB
2020-07-28,43.69,42.85,43.4,43.4,43.94,24189280,LWSA3,LOCAWEB
2020-07-29,43.39,43.16,45.56,45.11,46.37,59194466,LWSA3,LOCAWEB
2020-07-30,45.15,44.3,46.92,46.08,47.17,31851596,LWSA3,LOCAWEB
2020-07-31,47.2,46.59,47.9,47.61,48.87,99134951,LWSA3,LOCAWEB
2020-08-03,48.85,48.03,50.0,49.69,51.21,144577373,LWSA3,LOCAWEB
2020-08-04,49.34,48.4,51.01,50.37,51.72,103937367,LWSA3,LOCAWEB
2020-08-05,51.78,50.0,53.18,51.86,53.52,126565040,LWSA3,LOCAWEB
2020-08-06,53.33,51.85,54.6,53.68,55.0,127761311,LWSA3,LOCAWEB
2020-08-07,54.0,53.72,54.9,55.34,57.08,120000397,LWSA3,LOCAWEB
2020-08-10,55.12,54.17,54.96,55.29,56.32,81941856,LWSA3,LOCAWEB
2020-08-11,54.93,52.4,53.78,53.41,54.93,119041931,LWSA3,LOCAWEB
2020-08-12,54.05,51.02,51.68,52.05,54.34,64840996,LWSA3,LOCAWEB
2020-08-13,51.8,51.15,52.9,52.94,54.25,135451199,LWSA3,LOCAWEB
2020-08-14,52.4,51.88,53.1,52.96,53.35,48258145,LWSA3,LOCAWEB
2020-08-17,53.1,51.92,53.3,53.58,54.8,109037088,LWSA3,LOCAWEB
2020-08-18,53.38,53.38,56.1,54.96,56.69,92679956,LWSA3,LOCAWEB
2020-08-19,56.15,56.15,57.7,57.63,58.27,103504139,LWSA3,LOCAWEB
2020-08-20,56.98,55.32,57.5,57.13,57.75,54863122,LWSA3,LOCAWEB
2020-08-21,57.67,56.06,57.3,57.1,57.98,39896066,LWSA3,LOCAWEB
2020-08-24,57.99,57.0,58.3,57.95,58.88,52901561,LWSA3,LOCAWEB
2020-08-25,58.9,58.38,61.0,60.1,61.02,111181002,LWSA3,LOCAWEB
2020-08-26,61.19,61.03,64.14,63.37,64.14,194855615,LWSA3,LOCAWEB
2020-08-27,64.89,59.18,60.8,61.77,65.73,236615731,LWSA3,LOCAWEB
2020-08-28,60.8,58.08,59.84,59.85,61.72,130401662,LWSA3,LOCAWEB
2020-08-31,60.01,59.04,61.44,60.53,62.23,83211464,LWSA3,LOCAWEB
2020-09-01,62.3,61.8,64.45,63.68,64.84,135089612,LWSA3,LOCAWEB
2020-09-02,64.73,64.59,66.42,66.21,66.87,141527140,LWSA3,LOCAWEB
2020-09-03,66.78,61.16,61.32,63.87,68.54,271803147,LWSA3,LOCAWEB
2020-09-04,62.98,56.69,62.7,60.62,63.83,376658638,LWSA3,LOCAWEB
2020-09-08,60.99,58.17,59.5,60.34,62.9,212432212,LWSA3,LOCAWEB
2020-09-09,60.82,58.55,59.15,59.5,61.37,90869973,LWSA3,LOCAWEB
2020-09-10,59.31,56.7,56.99,58.47,60.1,90929706,LWSA3,LOCAWEB
2020-09-11,57.3,54.31,58.38,57.32,59.43,173844692,LWSA3,LOCAWEB
2020-09-14,59.69,59.04,61.03,60.37,61.36,86784801,LWSA3,LOCAWEB
2020-09-15,61.61,59.6,61.0,61.52,62.71,96704605,LWSA3,LOCAWEB
2020-09-16,61.04,60.69,61.01,61.46,62.0,48900762,LWSA3,LOCAWEB
2020-09-17,59.7,58.68,59.72,59.6,60.45,62300670,LWSA3,LOCAWEB
2020-09-18,59.4,58.2,58.7,59.22,60.19,57013952,LWSA3,LOCAWEB
2020-09-21,57.0,55.75,58.42,57.62,58.87,65033080,LWSA3,LOCAWEB
2020-09-22,58.2,57.48,59.85,59.24,59.95,80055601,LWSA3,LOCAWEB
2020-09-23,59.86,58.1,58.23,59.67,60.9,83797674,LWSA3,LOCAWEB
2020-09-24,58.56,56.87,57.81,58.31,59.42,77807742,LWSA3,LOCAWEB
2020-09-25,57.63,56.3,57.15,57.07,57.99,64367473,LWSA3,LOCAWEB
2020-09-28,57.89,56.9,57.37,57.92,58.67,54355986,LWSA3,LOCAWEB
2020-09-29,57.42,56.3,56.3,56.96,57.93,43468900,LWSA3,LOCAWEB
2020-09-30,57.4,56.4,59.61,58.45,60.39,102154995,LWSA3,LOCAWEB
2020-10-01,60.2,59.28,63.85,62.57,64.0,176260055,LWSA3,LOCAWEB
2020-10-02,63.01,61.3,62.49,63.16,65.56,129286884,LWSA3,LOCAWEB
2020-10-05,62.89,61.0,61.56,62.13,63.9,67527503,LWSA3,LOCAWEB
2020-10-06,61.82,59.66,60.71,61.01,62.42,56378832,LWSA3,LOCAWEB
2020-10-07,61.11,59.88,62.2,61.34,62.55,56064338,LWSA3,LOCAWEB
2020-10-08,62.57,62.16,62.52,62.99,63.8,59953743,LWSA3,LOCAWEB
2020-10-09,62.64,62.26,62.95,63.02,64.07,51160561,LWSA3,LOCAWEB
2020-10-13,63.6,63.55,65.61,65.16,66.05,96216070,LWSA3,LOCAWEB
2020-10-14,65.0,64.15,68.85,67.29,69.75,192992765,LWSA3,LOCAWEB
2020-10-15,67.85,67.0,67.43,67.68,68.48,92334650,LWSA3,LOCAWEB
2020-10-16,67.71,67.16,69.59,68.93,70.36,108985731,LWSA3,LOCAWEB
2020-10-19,70.1,69.08,69.91,70.27,71.5,102559125,LWSA3,LOCAWEB
2020-10-20,70.86,68.47,68.77,69.43,71.18,82131370,LWSA3,LOCAWEB
2020-10-21,68.8,68.13,69.9,70.26,71.14,89985290,LWSA3,LOCAWEB
2020-10-22,70.9,69.33,70.13,70.78,71.8,58595641,LWSA3,LOCAWEB
2020-10-23,70.35,69.07,71.0,70.22,71.09,65043144,LWSA3,LOCAWEB
2020-10-26,70.67,69.09,70.16,70.78,72.5,55547139,LWSA3,LOCAWEB
2020-10-27,70.58,69.74,69.83,70.48,72.12,64584373,LWSA3,LOCAWEB
2020-10-28,68.5,64.73,65.65,66.59,68.5,105327821,LWSA3,LOCAWEB
2020-10-29,64.9,63.0,70.6,67.92,70.98,159007362,LWSA3,LOCAWEB
2020-10-30,70.56,67.14,69.15,68.81,70.56,143464896,LWSA3,LOCAWEB
2020-11-03,71.2,70.29,74.11,72.78,74.47,163369747,LWSA3,LOCAWEB
2020-11-04,75.2,73.72,73.97,76.16,78.55,187795289,LWSA3,LOCAWEB
2020-11-05,75.8,75.1,76.43,76.69,77.7,122235817,LWSA3,LOCAWEB
2020-11-06,75.75,74.57,75.6,75.41,77.07,107692836,LWSA3,LOCAWEB
2020-11-09,77.39,71.84,72.0,73.16,77.44,195006761,LWSA3,LOCAWEB
2020-11-10,72.4,66.36,67.01,68.81,72.48,171707512,LWSA3,LOCAWEB
2020-11-11,67.61,65.29,66.85,67.83,69.78,173149410,LWSA3,LOCAWEB
2020-11-12,67.5,64.7,68.3,67.76,69.74,188759357,LWSA3,LOCAWEB
2020-11-13,68.67,67.56,69.0,68.91,70.5,133063126,LWSA3,LOCAWEB
2020-11-16,69.65,66.78,67.65,67.83,70.14,75046561,LWSA3,LOCAWEB
2020-11-17,67.05,66.36,67.27,67.19,67.77,114692527,LWSA3,LOCAWEB
2020-11-18,67.31,66.51,68.06,67.7,68.66,90059373,LWSA3,LOCAWEB
2020-11-19,67.87,66.02,66.59,66.79,67.87,77236394,LWSA3,LOCAWEB
2020-11-20,66.71,65.23,65.34,65.68,66.98,54085104,LWSA3,LOCAWEB
2020-11-23,65.95,61.57,63.85,63.32,66.0,112496588,LWSA3,LOCAWEB
2020-11-24,63.88,62.22,63.84,64.15,65.13,147935304,LWSA3,LOCAWEB
2020-11-25,63.99,63.82,66.56,65.79,66.99,104247784,LWSA3,LOCAWEB
2020-11-26,66.55,65.36,67.84,67.37,68.38,61147624,LWSA3,LOCAWEB
2020-11-27,68.2,67.34,67.52,67.95,68.97,39988880,LWSA3,LOCAWEB
2020-11-30,67.6,65.08,66.14,66.43,68.75,75660973,LWSA3,LOCAWEB
2020-12-01,66.0,63.21,64.78,64.41,67.17,123398435,LWSA3,LOCAWEB
2020-12-02,64.0,62.71,63.24,63.78,65.09,63202691,LWSA3,LOCAWEB
2020-12-03,63.7,63.02,63.13,63.69,64.28,61226544,LWSA3,LOCAWEB
2020-12-04,64.5,62.32,62.8,63.17,64.5,44442796,LWSA3,LOCAWEB
2020-12-07,63.15,62.7,63.02,63.5,64.95,62027188,LWSA3,LOCAWEB
2020-12-08,63.6,62.45,63.72,63.39,64.11,40826099,LWSA3,LOCAWEB
2020-12-09,63.99,63.63,63.69,65.6,67.61,166796913,LWSA3,LOCAWEB
2020-12-10,63.8,61.01,64.83,63.16,65.2,124650999,LWSA3,LOCAWEB
2020-12-11,64.96,63.32,63.6,65.07,66.87,121738208,LWSA3,LOCAWEB
2020-12-14,64.99,64.15,67.1,66.59,68.49,126404310,LWSA3,LOCAWEB
2020-12-15,67.38,65.53,67.05,66.82,68.33,64977244,LWSA3,LOCAWEB
2020-12-16,67.29,66.7,67.98,67.75,68.28,51078081,LWSA3,LOCAWEB
2020-12-17,67.98,67.95,70.79,70.89,72.45,124359211,LWSA3,LOCAWEB
2020-12-18,70.79,70.3,74.17,73.14,74.32,119970332,LWSA3,LOCAWEB
2020-12-21,72.0,71.31,72.57,73.75,76.0,126915522,LWSA3,LOCAWEB
2020-12-22,73.45,73.29,73.85,74.68,75.64,105835290,LWSA3,LOCAWEB
2020-12-23,74.53,74.41,76.9,75.94,77.06,120123286,LWSA3,LOCAWEB
2020-12-28,77.05,77.0,78.77,78.25,79.5,75572527,LWSA3,LOCAWEB
2020-12-29,79.12,75.25,75.9,76.81,79.67,90754951,LWSA3,LOCAWEB
2020-12-30,76.41,76.0,80.47,79.58,81.5,174886500,LWSA3,LOCAWEB
2021-01-04,81.0,79.4,80.64,80.58,82.47,170808537,LWSA3,LOCAWEB
2021-01-05,80.65,78.78,82.65,81.96,83.29,111069083,LWSA3,LOCAWEB
2021-01-06,81.56,80.11,80.11,81.6,82.65,85061982,LWSA3,LOCAWEB
2021-01-07,80.82,78.56,78.71,79.53,82.0,78902181,LWSA3,LOCAWEB
2021-01-08,78.88,77.37,79.05,79.18,80.92,87340732,LWSA3,LOCAWEB
2021-01-11,81.36,80.4,88.15,85.83,88.89,318977794,LWSA3,LOCAWEB
2021-01-12,89.63,89.45,98.1,96.8,99.4,407455600,LWSA3,LOCAWEB
2021-01-13,100.1,93.0,103.1,99.04,103.1,368102691,LWSA3,LOCAWEB
2021-01-14,104.23,101.51,109.0,107.04,109.4,276201710,LWSA3,LOCAWEB
2021-01-15,107.6,106.0,108.28,109.34,112.4,209558122,LWSA3,LOCAWEB
2021-01-18,109.49,108.51,110.73,110.82,113.35,171110303,LWSA3,LOCAWEB
2021-01-19,111.01,104.49,105.13,107.07,111.75,193636771,LWSA3,LOCAWEB
2021-01-20,106.9,105.15,109.4,107.79,109.94,103691295,LWSA3,LOCAWEB
2021-01-21,110.0,110.0,117.61,114.86,117.79,263082867,LWSA3,LOCAWEB
2021-01-22,116.56,113.61,114.26,115.15,117.59,234381485,LWSA3,LOCAWEB
2021-01-26,115.63,111.13,111.13,115.33,120.18,267714086,LWSA3,LOCAWEB
2021-01-27,113.9,98.1,98.1,105.24,113.9,354014166,LWSA3,LOCAWEB
2021-01-28,98.1,95.5,103.67,99.59,103.77,286760282,LWSA3,LOCAWEB
2021-01-29,101.55,100.1,102.22,101.78,103.4,111076292,LWSA3,LOCAWEB
2021-02-01,26.3,25.9,26.66,26.52,27.3,133577210,LWSA3,LOCAWEB
2021-02-02,27.0,26.12,27.84,27.52,28.35,128043774,LWSA3,LOCAWEB
2021-02-03,27.75,27.3,27.7,27.95,28.62,98073970,LWSA3,LOCAWEB
2021-02-04,27.56,27.02,28.98,28.42,29.45,123167342,LWSA3,LOCAWEB
2021-02-05,29.34,28.72,29.96,29.44,30.25,157816887,LWSA3,LOCAWEB
2021-02-08,30.15,30.01,31.99,31.18,32.0,187339763,LWSA3,LOCAWEB
2021-02-09,32.07,30.6,30.7,31.49,33.35,268945383,LWSA3,LOCAWEB
2021-02-10,30.0,27.63,27.63,28.65,30.33,368956679,LWSA3,LOCAWEB
2021-02-11,28.06,26.47,29.29,28.58,29.93,428133746,LWSA3,LOCAWEB
2021-02-12,29.18,28.47,29.14,29.27,29.82,200249936,LWSA3,LOCAWEB
2021-02-17,28.7,28.28,30.05,29.72,30.05,330131833,LWSA3,LOCAWEB
2021-02-18,30.5,30.15,30.53,30.92,31.75,327466686,LWSA3,LOCAWEB
2021-02-19,31.29,30.93,34.99,33.16,35.06,707506825,LWSA3,LOCAWEB
2021-02-22,33.59,32.2,32.86,33.18,33.99,422885521,LWSA3,LOCAWEB
2021-02-23,33.1,30.77,31.46,31.66,33.58,259054520,LWSA3,LOCAWEB
2021-02-24,32.05,30.49,31.88,31.27,32.15,235238941,LWSA3,LOCAWEB
2021-02-25,32.25,29.25,29.81,30.72,32.75,319974657,LWSA3,LOCAWEB
2021-02-26,30.2,27.8,28.78,28.78,30.29,245529714,LWSA3,LOCAWEB
2021-03-01,29.28,28.08,29.16,28.97,29.81,173860550,LWSA3,LOCAWEB
2021-03-02,29.0,26.5,27.73,27.65,29.5,317480557,LWSA3,LOCAWEB
2021-03-03,27.73,25.22,26.21,26.21,28.2,422301718,LWSA3,LOCAWEB
2021-03-04,26.47,25.56,25.87,26.81,28.1,337665951,LWSA3,LOCAWEB
2021-03-05,26.0,24.6,25.79,25.42,26.25,303558586,LWSA3,LOCAWEB
2021-03-08,25.02,22.75,23.07,23.97,25.38,367162889,LWSA3,LOCAWEB
2021-03-09,23.67,22.6,22.9,23.34,24.67,292079083,LWSA3,LOCAWEB
2021-03-10,23.07,22.32,23.55,23.23,24.24,254456738,LWSA3,LOCAWEB
2021-03-11,23.9,23.07,24.23,24.05,25.5,402258322,LWSA3,LOCAWEB
2021-03-12,23.86,22.42,22.67,22.87,24.2,317802621,LWSA3,LOCAWEB
2021-03-15,22.7,22.46,23.7,23.26,24.04,191371842,LWSA3,LOCAWEB
2021-03-16,23.75,23.75,25.2,25.25,26.12,348371080,LWSA3,LOCAWEB
2021-03-17,25.0,24.3,25.43,25.04,25.68,266971544,LWSA3,LOCAWEB
2021-03-18,25.44,23.53,23.86,24.17,25.44,234768007,LWSA3,LOCAWEB
2021-03-19,24.11,23.76,24.17,24.33,24.93,275898742,LWSA3,LOCAWEB
2021-03-22,24.22,23.85,24.81,24.79,25.3,139177206,LWSA3,LOCAWEB
2021-03-23,24.8,23.91,24.74,24.45,25.45,209759379,LWSA3,LOCAWEB
2021-03-24,24.95,23.17,24.1,24.26,25.02,145882195,LWSA3,LOCAWEB
2021-03-25,23.46,22.86,23.5,23.63,24.3,192797672,LWSA3,LOCAWEB
2021-03-26,23.64,22.62,23.0,23.15,24.02,200585335,LWSA3,LOCAWEB
2021-03-29,22.76,21.33,21.49,22.15,23.22,206819436,LWSA3,LOCAWEB
2021-03-30,21.28,20.9,22.71,22.47,23.35,216999748,LWSA3,LOCAWEB
2021-03-31,22.91,22.2,22.85,22.81,23.77,174352336,LWSA3,LOCAWEB
2021-04-01,23.5,23.2,24.01,24.3,25.49,377943201,LWSA3,LOCAWEB
2021-04-05,24.64,23.75,24.0,24.17,24.94,152665686,LWSA3,LOCAWEB
2021-04-06,24.2,24.05,25.46,25.34,25.94,250301491,LWSA3,LOCAWEB
2021-04-07,25.67,24.85,25.76,25.57,26.23,171393801,LWSA3,LOCAWEB
2021-04-08,26.3,25.94,27.49,26.89,27.89,304004498,LWSA3,LOCAWEB
2021-04-09,27.18,25.85,26.06,26.42,27.35,272620680,LWSA3,LOCAWEB
2021-04-12,26.19,25.2,26.17,25.74,26.48,216610817,LWSA3,LOCAWEB
2021-04-13,26.62,26.2,27.2,27.11,27.67,323543634,LWSA3,LOCAWEB
2021-04-14,27.6,26.41,26.91,27.01,28.1,201766981,LWSA3,LOCAWEB
2021-04-15,27.0,26.5,26.75,27.12,27.79,187418512,LWSA3,LOCAWEB
2021-04-16,26.87,26.63,26.94,27.12,27.41,107458619,LWSA3,LOCAWEB
2021-04-19,27.16,26.7,27.14,27.19,27.6,147861977,LWSA3,LOCAWEB
2021-04-20,27.28,27.16,27.44,27.51,27.96,154366484,LWSA3,LOCAWEB
2021-04-22,29.0,27.71,27.84,28.8,29.8,475212074,LWSA3,LOCAWEB
2021-04-23,28.12,28.12,28.77,28.94,29.41,283058537,LWSA3,LOCAWEB
2021-04-26,28.9,28.22,28.8,28.8,29.19,149395051,LWSA3,LOCAWEB
2021-04-27,28.85,27.53,28.11,28.25,29.04,101944084,LWSA3,LOCAWEB
2021-04-28,28.38,28.32,28.55,28.78,29.48,145165785,LWSA3,LOCAWEB
2021-04-29,28.82,28.1,28.9,28.76,29.08,120401405,LWSA3,LOCAWEB
2021-04-30,28.9,28.65,28.77,28.94,29.77,626770147,LWSA3,LOCAWEB
2021-05-03,28.7,26.9,28.05,27.98,29.39,348383366,LWSA3,LOCAWEB
2021-05-04,27.73,26.36,26.61,26.78,27.73,199837081,LWSA3,LOCAWEB
2021-05-05,26.63,25.98,26.98,26.91,27.59,166335057,LWSA3,LOCAWEB
2021-05-06,26.95,25.1,25.48,25.8,26.98,177812657,LWSA3,LOCAWEB
2021-05-07,25.96,24.22,24.81,25.05,26.24,222118747,LWSA3,LOCAWEB
2021-05-10,24.94,22.95,23.5,23.54,24.96,377576717,LWSA3,LOCAWEB
2021-05-11,22.76,21.92,23.53,22.87,23.73,342933368,LWSA3,LOCAWEB
2021-05-12,22.87,22.41,22.98,22.86,23.34,207322066,LWSA3,LOCAWEB
2021-05-13,23.26,21.9,22.17,22.57,23.85,300181392,LWSA3,LOCAWEB
2021-05-14,22.51,22.13,22.82,22.67,23.0,168641191,LWSA3,LOCAWEB
2021-05-17,23.4,22.6,22.77,22.88,23.44,106675507,LWSA3,LOCAWEB
2021-05-18,22.87,22.58,23.23,23.16,23.49,126293099,LWSA3,LOCAWEB
2021-05-19,22.84,22.52,23.09,22.98,23.35,145451088,LWSA3,LOCAWEB
2021-05-20,23.03,22.85,23.43,23.37,23.83,125009904,LWSA3,LOCAWEB
2021-05-21,23.48,22.91,22.95,23.31,24.11,117051105,LWSA3,LOCAWEB
2021-05-24,23.1,22.84,24.68,24.28,24.85,198806662,LWSA3,LOCAWEB
2021-05-25,24.97,24.17,24.17,24.6,25.4,176096549,LWSA3,LOCAWEB
2021-05-26,24.33,24.33,25.8,25.49,25.81,278920338,LWSA3,LOCAWEB
2021-05-27,25.94,25.5,26.24,26.21,26.75,221923624,LWSA3,LOCAWEB
2021-05-28,25.9,25.64,26.18,26.08,26.45,120842498,LWSA3,LOCAWEB
2021-05-31,26.16,25.25,26.16,25.84,26.45,130277194,LWSA3,LOCAWEB
2021-06-01,26.35,24.48,24.71,24.97,26.41,327860288,LWSA3,LOCAWEB
2021-06-02,24.9,23.9,23.93,24.35,25.14,230000630,LWSA3,LOCAWEB
2021-06-04,23.96,23.51,24.29,24.2,24.55,206931431,LWSA3,LOCAWEB
2021-06-07,24.29,23.84,23.92,24.06,24.39,94858395,LWSA3,LOCAWEB
2021-06-08,23.93,23.75,23.95,23.99,24.36,133194970,LWSA3,LOCAWEB
2021-06-09,24.11,23.9,24.65,24.45,24.84,143363725,LWSA3,LOCAWEB
2021-06-10,24.84,24.35,26.03,25.6,26.33,293731518,LWSA3,LOCAWEB
2021-06-11,26.08,25.06,25.16,25.54,26.33,110458814,LWSA3,LOCAWEB
2021-06-14,25.26,25.26,26.73,26.54,27.06,249665402,LWSA3,LOCAWEB
2021-06-15,26.92,25.74,26.06,26.4,27.61,204138500,LWSA3,LOCAWEB
2021-06-16,26.26,25.8,26.1,26.36,27.03,251979088,LWSA3,LOCAWEB
2021-06-17,25.97,25.41,27.35,26.85,27.5,240907609,LWSA3,LOCAWEB
2021-06-18,27.34,26.77,27.09,27.18,27.84,280716260,LWSA3,LOCAWEB
2021-06-21,27.57,27.35,27.92,27.83,28.27,236830007,LWSA3,LOCAWEB
2021-06-22,27.94,27.11,27.8,27.65,28.17,149698142,LWSA3,LOCAWEB
2021-06-23,27.78,27.14,27.76,27.63,28.12,125995519,LWSA3,LOCAWEB
2021-06-24,27.85,26.83,27.08,27.31,28.35,200128709,LWSA3,LOCAWEB
2021-06-25,27.15,25.86,26.31,26.36,27.46,170392068,LWSA3,LOCAWEB
2021-06-28,26.44,26.36,27.08,27.19,27.62,214333453,LWSA3,LOCAWEB
2021-06-29,27.21,26.37,27.65,27.55,28.26,254297986,LWSA3,LOCAWEB
2021-06-30,27.45,26.67,27.06,27.0,27.51,206131137,LWSA3,LOCAWEB
2021-07-01,27.07,25.93,26.11,26.27,27.23,181545725,LWSA3,LOCAWEB
2021-07-02,26.31,26.16,26.8,26.79,27.06,148915086,LWSA3,LOCAWEB
2021-07-05,27.08,25.95,26.07,26.13,27.08,144397343,LWSA3,LOCAWEB
2021-07-06,25.9,25.08,25.38,25.41,26.03,140814858,LWSA3,LOCAWEB
2021-07-07,25.99,25.84,26.16,26.28,26.66,190803607,LWSA3,LOCAWEB
2021-07-08,25.93,24.83,25.23,25.27,25.93,216425933,LWSA3,LOCAWEB
2021-07-12,25.34,25.05,25.81,25.64,26.04,172496508,LWSA3,LOCAWEB
2021-07-13,25.61,25.32,26.23,25.98,26.42,99310648,LWSA3,LOCAWEB
2021-07-14,26.5,25.6,26.05,26.42,27.22,227101568,LWSA3,LOCAWEB
2021-07-15,25.96,25.67,25.96,25.96,26.46,98793554,LWSA3,LOCAWEB
2021-07-16,25.96,25.55,26.0,26.02,26.54,103712570,LWSA3,LOCAWEB
2021-07-19,25.49,24.9,26.36,25.87,26.55,187791052,LWSA3,LOCAWEB
2021-07-20,26.36,25.85,26.49,26.32,26.75,141544725,LWSA3,LOCAWEB
2021-07-21,26.41,26.25,26.4,26.48,26.8,106299317,LWSA3,LOCAWEB
2021-07-22,26.44,26.44,27.85,27.59,28.05,335328983,LWSA3,LOCAWEB
2021-07-23,27.83,27.23,27.63,27.62,28.24,111673027,LWSA3,LOCAWEB
2021-07-26,27.65,26.92,27.23,27.19,27.83,153749117,LWSA3,LOCAWEB
2021-07-27,26.91,25.85,26.16,26.23,27.13,182476158,LWSA3,LOCAWEB
2021-07-28,26.17,25.51,25.87,25.9,26.59,163208431,LWSA3,LOCAWEB
2021-07-29,25.87,25.31,25.55,25.56,26.15,103259610,LWSA3,LOCAWEB
2021-07-30,25.31,24.67,24.91,25.08,25.69,126441204,LWSA3,LOCAWEB
2021-08-02,25.26,25.06,25.28,25.33,25.68,100984353,LWSA3,LOCAWEB
2021-08-03,25.81,24.36,25.36,25.14,25.98,145209438,LWSA3,LOCAWEB
2021-08-04,25.1,24.85,25.19,25.15,25.42,87844034,LWSA3,LOCAWEB
2021-08-05,25.32,25.25,25.6,25.6,25.87,110456343,LWSA3,LOCAWEB
2021-08-06,25.53,25.02,25.55,25.42,25.78,114517539,LWSA3,LOCAWEB
2021-08-09,25.56,25.25,25.94,25.85,26.28,146985064,LWSA3,LOCAWEB
2021-08-10,25.97,25.65,25.69,25.93,26.48,106573293,LWSA3,LOCAWEB
2021-08-11,25.74,25.18,25.72,25.55,25.9,179777298,LWSA3,LOCAWEB
2021-08-12,25.82,25.0,25.09,25.45,26.19,230974169,LWSA3,LOCAWEB
2021-08-13,25.01,23.94,24.85,24.64,25.26,191466967,LWSA3,LOCAWEB
2021-08-16,24.5,23.6,23.75,23.93,24.64,224068376,LWSA3,LOCAWEB
2021-08-17,23.51,21.56,22.11,22.48,23.51,304370285,LWSA3,LOCAWEB
2021-08-18,22.27,21.35,22.6,22.44,23.09,296975144,LWSA3,LOCAWEB
2021-08-19,21.56,21.56,24.36,23.46,24.5,238635422,LWSA3,LOCAWEB
2021-08-20,23.94,23.76,24.9,24.64,25.1,171352226,LWSA3,LOCAWEB
2021-08-23,24.92,24.3,24.51,24.64,25.05,108309963,LWSA3,LOCAWEB
2021-08-24,24.85,24.6,24.67,24.83,25.32,109216075,LWSA3,LOCAWEB
2021-08-25,24.8,24.36,24.97,24.65,25.11,125572027,LWSA3,LOCAWEB
2021-08-26,24.98,24.35,24.39,24.92,25.65,146286552,LWSA3,LOCAWEB
2021-08-27,24.37,24.14,24.87,24.68,25.05,77929692,LWSA3,LOCAWEB
2021-08-30,24.8,24.55,24.77,24.84,25.21,53602869,LWSA3,LOCAWEB
2021-08-31,24.87,23.95,24.49,24.62,25.04,136089835,LWSA3,LOCAWEB
2021-09-01,24.55,24.33,24.81,25.19,25.83,158521608,LWSA3,LOCAWEB
2021-09-02,24.68,24.18,24.22,24.59,25.06,128694463,LWSA3,LOCAWEB
2021-09-03,24.5,23.41,23.98,23.99,24.86,140788545,LWSA3,LOCAWEB
2021-09-06,23.9,23.64,24.51,24.25,24.78,70444355,LWSA3,LOCAWEB
2021-09-08,24.34,22.23,22.55,23.12,24.34,168728601,LWSA3,LOCAWEB
2021-09-09,22.55,22.23,23.12,22.72,23.48,112023382,LWSA3,LOCAWEB
2021-09-10,23.62,22.59,22.76,23.09,23.8,113653329,LWSA3,LOCAWEB
2021-09-13,23.01,22.84,23.4,23.35,23.64,98053597,LWSA3,LOCAWEB
2021-09-14,23.48,23.47,25.32,24.96,25.59,299724812,LWSA3,LOCAWEB
2021-09-15,25.27,24.32,24.86,24.84,25.43,143932213,LWSA3,LOCAWEB
2021-09-16,24.72,23.81,24.08,24.11,24.72,101761973,LWSA3,LOCAWEB
2021-09-17,24.06,23.3,24.24,24.06,24.51,182023529,LWSA3,LOCAWEB
2021-09-20,23.76,22.76,22.96,23.19,23.94,88539512,LWSA3,LOCAWEB
2021-09-21,23.22,22.65,23.2,23.15,23.45,75447079,LWSA3,LOCAWEB
2021-09-22,23.43,23.21,23.4,23.55,24.06,92910888,LWSA3,LOCAWEB
2021-09-23,23.65,23.35,23.64,23.8,24.5,113475432,LWSA3,LOCAWEB
2021-09-24,23.31,23.18,23.72,23.68,24.01,96720965,LWSA3,LOCAWEB
2021-09-27,23.74,22.47,23.0,22.77,23.77,182027977,LWSA3,LOCAWEB
2021-09-28,22.54,21.61,21.93,22.01,22.66,191245622,LWSA3,LOCAWEB
2021-09-29,22.2,21.8,21.82,21.98,22.49,113508259,LWSA3,LOCAWEB
2021-09-30,22.05,21.67,22.88,22.47,23.07,189291601,LWSA3,LOCAWEB
2021-10-01,22.88,22.64,23.36,23.1,23.5,142346568,LWSA3,LOCAWEB
2021-10-04,23.2,22.31,22.83,22.69,23.22,92970295,LWSA3,LOCAWEB
2021-10-05,23.25,22.3,22.4,22.49,23.36,123918255,LWSA3,LOCAWEB
2021-10-06,21.9,20.95,21.4,21.4,21.97,252295617,LWSA3,LOCAWEB
2021-10-07,21.7,21.1,21.32,21.32,21.83,95941979,LWSA3,LOCAWEB
2021-10-08,21.36,21.36,22.15,22.22,22.7,93490623,LWSA3,LOCAWEB
2021-10-11,22.07,21.42,21.5,21.77,22.37,98305397,LWSA3,LOCAWEB
2021-10-13,21.49,21.32,21.72,21.7,22.08,169284357,LWSA3,LOCAWEB
2021-10-14,21.88,21.48,22.34,21.92,22.64,88762512,LWSA3,LOCAWEB
2021-10-15,22.45,21.77,22.05,22.01,22.52,83094484,LWSA3,LOCAWEB
2021-10-18,21.58,21.3,22.99,22.34,23.41,110692645,LWSA3,LOCAWEB
2021-10-19,22.68,21.1,21.37,21.76,22.68,170384604,LWSA3,LOCAWEB
2021-10-20,21.46,21.39,22.48,22.27,22.86,195335728,LWSA3,LOCAWEB
2021-10-21,21.79,21.53,22.15,22.11,22.7,166645580,LWSA3,LOCAWEB
2021-10-22,21.55,19.53,20.18,20.35,22.2,393072808,LWSA3,LOCAWEB
2021-10-25,20.35,19.95,20.94,20.86,21.52,178086951,LWSA3,LOCAWEB
2021-10-26,20.55,19.45,19.67,19.84,20.83,138493252,LWSA3,LOCAWEB
2021-10-27,19.74,19.47,20.4,20.34,20.79,127671767,LWSA3,LOCAWEB
2021-10-28,19.99,19.81,20.0,20.34,20.91,121211799,LWSA3,LOCAWEB
2021-10-29,20.2,18.3,18.3,19.03,20.2,118878069,LWSA3,LOCAWEB
2021-11-01,18.6,18.44,18.63,18.68,19.2,103920632,LWSA3,LOCAWEB
2021-11-03,18.61,18.43,20.32,19.69,20.4,158413806,LWSA3,LOCAWEB
2021-11-04,20.17,20.07,20.62,20.87,21.68,121584953,LWSA3,LOCAWEB
2021-11-05,21.08,20.67,22.05,21.48,22.39,115517975,LWSA3,LOCAWEB
2021-11-08,22.05,21.3,21.35,21.81,22.59,83415967,LWSA3,LOCAWEB
2021-11-09,21.51,21.15,21.72,21.79,22.26,87071519,LWSA3,LOCAWEB
2021-11-10,21.62,20.87,21.0,21.38,22.07,94803389,LWSA3,LOCAWEB
2021-11-11,21.0,19.04,20.9,20.5,21.5,200040972,LWSA3,LOCAWEB
2021-11-12,21.1,18.84,19.1,19.57,21.26,156218370,LWSA3,LOCAWEB
2021-11-16,19.16,16.22,16.85,17.26,19.43,329043987,LWSA3,LOCAWEB
2021-11-17,16.97,15.26,15.26,15.95,17.48,306588628,LWSA3,LOCAWEB
2021-11-18,15.35,14.87,15.72,15.48,15.9,313322989,LWSA3,LOCAWEB
2021-11-19,15.71,14.96,15.05,15.54,16.26,168151799,LWSA3,LOCAWEB
2021-11-22,15.29,13.56,13.66,14.17,15.29,160624809,LWSA3,LOCAWEB
2021-11-23,13.67,12.12,13.21,12.93,13.86,331574728,LWSA3,LOCAWEB
2021-11-24,13.09,13.0,13.85,13.84,14.56,264721561,LWSA3,LOCAWEB
2021-11-25,14.06,13.85,14.31,14.29,14.6,116817997,LWSA3,LOCAWEB
2021-11-26,13.72,13.38,13.74,13.9,14.68,113428079,LWSA3,LOCAWEB
2021-11-29,14.11,13.95,14.67,14.55,14.9,98030775,LWSA3,LOCAWEB
2021-11-30,14.5,12.94,13.19,13.45,14.55,160307185,LWSA3,LOCAWEB
2021-12-01,13.68,11.81,11.88,12.62,13.94,213928132,LWSA3,LOCAWEB
2021-12-02,12.05,11.34,11.74,11.97,12.64,167992988,LWSA3,LOCAWEB
2021-12-03,11.81,11.81,12.75,12.71,13.12,207194040,LWSA3,LOCAWEB
2021-12-06,12.9,12.2,12.92,12.62,12.96,111598132,LWSA3,LOCAWEB
2021-12-07,13.23,13.02,13.82,13.57,13.92,140687741,LWSA3,LOCAWEB
2021-12-08,13.81,13.26,14.55,14.36,14.96,161427897,LWSA3,LOCAWEB
2021-12-09,14.28,13.6,13.8,14.04,14.5,127345886,LWSA3,LOCAWEB
2021-12-10,14.0,13.92,14.86,14.58,14.96,89479956,LWSA3,LOCAWEB
2021-12-13,15.01,14.63,14.85,15.23,15.9,140026639,LWSA3,LOCAWEB
2021-12-14,15.0,13.13,13.2,13.72,15.16,152639657,LWSA3,LOCAWEB
2021-12-15,13.2,12.54,13.84,13.35,13.97,160828087,LWSA3,LOCAWEB
2021-12-16,14.0,13.48,13.55,13.77,14.37,103682957,LWSA3,LOCAWEB
2021-12-17,13.19,12.91,13.74,13.41,13.82,85294846,LWSA3,LOCAWEB
2021-12-20,13.21,12.69,12.76,12.93,13.48,74766099,LWSA3,LOCAWEB
2021-12-21,13.03,12.85,13.59,13.29,13.65,94850556,LWSA3,LOCAWEB
2021-12-22,13.47,13.17,13.5,13.5,13.95,107706976,LWSA3,LOCAWEB
2021-12-23,13.59,13.04,13.48,13.47,14.03,90169766,LWSA3,LOCAWEB
2021-12-27,13.52,12.96,13.21,13.23,13.85,66822455,LWSA3,LOCAWEB
2021-12-28,13.26,12.75,12.9,13.12,13.76,53672189,LWSA3,LOCAWEB
2021-12-29,12.98,12.39,12.51,12.69,13.19,60513508,LWSA3,LOCAWEB
2021-12-30,12.59,12.59,13.16,13.14,13.43,79912346,LWSA3,LOCAWEB
2022-01-03,13.28,12.39,12.75,12.81,13.48,77922876,LWSA3,LOCAWEB
2022-01-04,12.88,11.8,11.89,12.07,13.04,107809230,LWSA3,LOCAWEB
2022-01-05,11.8,10.34,10.37,11.03,11.82,139703183,LWSA3,LOCAWEB
2022-01-06,10.48,9.89,10.14,10.25,10.59,125696390,LWSA3,LOCAWEB
2022-01-07,10.11,9.91,9.91,10.13,10.56,76454813,LWSA3,LOCAWEB
2022-01-10,9.72,9.48,9.8,9.71,9.95,76138092,LWSA3,LOCAWEB
2022-01-11,9.81,9.63,9.89,9.84,10.14,309948904,LWSA3,LOCAWEB
2022-01-12,9.96,9.42,9.55,9.76,10.17,273139077,LWSA3,LOCAWEB
2022-01-13,9.49,8.53,8.75,8.9,9.7,238116521,LWSA3,LOCAWEB
2022-01-14,8.74,8.16,8.39,8.45,9.06,173175597,LWSA3,LOCAWEB
2022-01-17,8.3,8.07,8.58,8.44,8.71,71446881,LWSA3,LOCAWEB
2022-01-18,8.33,7.67,7.67,7.92,8.4,126076972,LWSA3,LOCAWEB
2022-01-19,7.75,7.75,8.64,8.43,8.77,168507793,LWSA3,LOCAWEB
2022-01-20,8.85,8.53,8.64,8.81,9.37,164134281,LWSA3,LOCAWEB
2022-01-21,8.39,8.3,9.0,8.87,9.17,132390687,LWSA3,LOCAWEB
2022-01-24,8.89,8.0,8.54,8.3,8.94,137708981,LWSA3,LOCAWEB
2022-01-25,8.42,8.24,9.09,8.79,9.17,120391542,LWSA3,LOCAWEB
2022-01-26,9.28,8.9,9.04,9.28,9.6,140202195,LWSA3,LOCAWEB
2022-01-27,9.15,9.15,9.22,9.51,9.96,165775082,LWSA3,LOCAWEB
2022-01-28,9.1,8.61,9.18,9.01,9.38,112863532,LWSA3,LOCAWEB
2022-01-31,9.2,9.13,9.7,9.56,9.81,96691077,LWSA3,LOCAWEB
2022-02-01,9.7,9.55,9.97,9.82,10.08,114314458,LWSA3,LOCAWEB
2022-02-02,10.36,9.37,9.45,9.81,10.46,163691388,LWSA3,LOCAWEB
2022-02-03,9.48,8.67,8.74,9.0,9.66,178331246,LWSA3,LOCAWEB
2022-02-04,8.84,8.17,9.73,9.02,9.78,235511098,LWSA3,LOCAWEB
2022-02-07,9.61,9.27,10.01,9.81,10.11,161714333,LWSA3,LOCAWEB
2022-02-08,9.9,9.61,9.84,9.79,10.07,114094002,LWSA3,LOCAWEB
2022-02-09,9.88,9.85,10.18,10.18,10.63,172106833,LWSA3,LOCAWEB
2022-02-10,10.22,9.65,9.78,9.86,10.4,255382730,LWSA3,LOCAWEB
2022-02-11,9.82,9.7,9.86,10.04,10.51,243505841,LWSA3,LOCAWEB
2022-02-14,9.98,9.57,9.67,9.83,10.27,140321731,LWSA3,LOCAWEB
2022-02-15,9.94,9.86,11.15,10.71,11.29,250475703,LWSA3,LOCAWEB
2022-02-16,11.1,10.62,10.93,10.82,11.12,146773520,LWSA3,LOCAWEB
2022-02-17,10.93,10.68,10.96,10.94,11.22,116984345,LWSA3,LOCAWEB
2022-02-18,11.17,10.18,10.18,10.51,11.18,157151114,LWSA3,LOCAWEB
2022-02-21,10.24,9.51,9.75,9.86,10.35,148660147,LWSA3,LOCAWEB
2022-02-22,9.9,9.8,10.12,10.06,10.32,152471243,LWSA3,LOCAWEB
2022-02-23,10.13,10.05,10.16,10.32,10.69,162005096,LWSA3,LOCAWEB
2022-02-24,9.55,9.46,10.73,10.24,10.94,213480687,LWSA3,LOCAWEB
2022-02-25,10.7,9.86,9.99,10.16,10.83,130137730,LWSA3,LOCAWEB
2022-03-02,9.9,9.73,9.8,9.89,10.06,81688235,LWSA3,LOCAWEB
2022-03-03,9.88,9.64,9.7,9.9,10.38,100301931,LWSA3,LOCAWEB
2022-03-04,9.81,8.99,9.18,9.28,9.87,112456631,LWSA3,LOCAWEB
2022-03-07,9.0,8.65,8.8,8.95,9.43,101120485,LWSA3,LOCAWEB
2022-03-08,9.0,8.22,8.45,8.57,9.08,151427112,LWSA3,LOCAWEB
2022-03-09,8.84,8.69,9.06,9.19,9.53,202430694,LWSA3,LOCAWEB
2022-03-10,8.88,8.53,8.72,8.7,8.94,92902834,LWSA3,LOCAWEB
2022-03-11,8.89,8.39,8.49,8.59,8.92,112499415,LWSA3,LOCAWEB
2022-03-14,8.56,8.21,8.29,8.34,8.57,80369015,LWSA3,LOCAWEB
2022-03-15,8.29,8.1,8.42,8.38,8.68,111408243,LWSA3,LOCAWEB
2022-03-16,8.72,8.6,9.29,9.1,9.43,163524130,LWSA3,LOCAWEB
2022-03-17,9.13,8.97,9.32,9.22,9.43,102599581,LWSA3,LOCAWEB
2022-03-18,9.24,9.21,9.7,9.7,9.9,135876128,LWSA3,LOCAWEB
2022-03-21,9.73,9.3,9.68,9.54,9.87,136651614,LWSA3,LOCAWEB
2022-03-22,9.73,9.73,10.1,10.24,10.65,140793252,LWSA3,LOCAWEB
2022-03-23,10.07,9.87,10.36,10.24,10.5,108978257,LWSA3,LOCAWEB
2022-03-24,10.0,9.39,9.63,9.59,10.12,291751542,LWSA3,LOCAWEB
2022-03-25,9.75,9.57,10.06,9.92,10.28,217227415,LWSA3,LOCAWEB
2022-03-28,9.65,9.25,9.6,9.52,9.75,230872525,LWSA3,LOCAWEB
2022-03-29,9.87,9.86,10.06,10.11,10.5,175716220,LWSA3,LOCAWEB
2022-03-30,10.0,9.89,10.26,10.37,10.65,119583542,LWSA3,LOCAWEB
2022-03-31,10.3,9.94,10.1,10.18,10.53,88858914,LWSA3,LOCAWEB
2022-04-01,10.31,10.25,10.51,10.48,10.72,113983001,LWSA3,LOCAWEB
2022-04-04,10.56,10.21,10.55,10.45,10.59,70901190,LWSA3,LOCAWEB
2022-04-05,10.51,9.83,9.84,10.17,10.66,139458993,LWSA3,LOCAWEB
2022-04-06,9.73,8.82,9.05,9.1,9.73,251446251,LWSA3,LOCAWEB
2022-04-07,9.09,8.74,8.94,8.89,9.1,109164141,LWSA3,LOCAWEB
2022-04-08,8.9,8.63,8.76,8.77,8.92,101826771,LWSA3,LOCAWEB
2022-04-11,8.52,8.47,8.57,8.57,8.73,81184785,LWSA3,LOCAWEB
2022-04-12,8.92,8.21,8.27,8.55,9.03,112295464,LWSA3,LOCAWEB
2022-04-13,8.39,8.22,8.28,8.32,8.52,80397499,LWSA3,LOCAWEB
2022-04-14,8.3,7.98,8.05,8.1,8.32,90983367,LWSA3,LOCAWEB
2022-04-18,8.1,8.09,8.39,8.3,8.48,121436979,LWSA3,LOCAWEB
2022-04-19,8.33,8.14,8.68,8.59,8.77,111893153,LWSA3,LOCAWEB
2022-04-20,8.71,8.34,8.43,8.57,8.98,98654259,LWSA3,LOCAWEB
2022-04-22,8.17,7.8,7.9,8.0,8.26,110996081,LWSA3,LOCAWEB
2022-04-25,7.79,7.68,7.93,7.89,8.06,98048014,LWSA3,LOCAWEB
2022-04-26,7.83,7.2,7.27,7.48,7.95,146678307,LWSA3,LOCAWEB
2022-04-27,7.49,7.25,7.33,7.39,7.53,82680579,LWSA3,LOCAWEB
2022-04-28,7.48,7.2,7.64,7.53,7.76,103364656,LWSA3,LOCAWEB
2022-04-29,7.75,7.17,7.17,7.37,7.78,78285550,LWSA3,LOCAWEB
2022-05-02,7.22,6.89,7.08,7.08,7.39,95335166,LWSA3,LOCAWEB
2022-05-03,7.09,6.83,6.95,7.01,7.26,71449247,LWSA3,LOCAWEB
2022-05-04,6.8,6.64,7.17,6.89,7.25,98790254,LWSA3,LOCAWEB
2022-05-05,6.94,6.74,6.82,6.86,7.06,89130265,LWSA3,LOCAWEB
2022-05-06,6.73,6.28,6.3,6.44,6.85,128419395,LWSA3,LOCAWEB
2022-05-09,6.12,5.38,5.39,5.69,6.18,183198091,LWSA3,LOCAWEB
2022-05-10,5.53,5.12,5.43,5.38,5.62,149386514,LWSA3,LOCAWEB
2022-05-11,5.4,5.1,5.12,5.27,5.54,108002565,LWSA3,LOCAWEB
2022-05-12,4.95,4.91,5.25,5.15,5.36,107339736,LWSA3,LOCAWEB
2022-05-13,5.53,5.42,5.46,5.62,5.89,197549456,LWSA3,LOCAWEB
2022-05-16,5.47,5.18,5.29,5.31,5.47,106676767,LWSA3,LOCAWEB
2022-05-17,5.51,5.39,5.88,5.76,6.02,254078645,LWSA3,LOCAWEB
2022-05-18,5.95,5.85,6.7,6.52,6.9,535584463,LWSA3,LOCAWEB
2022-05-19,6.77,6.39,7.07,6.91,7.18,287098624,LWSA3,LOCAWEB
2022-05-20,7.3,6.84,6.94,7.07,7.44,217727133,LWSA3,LOCAWEB
2022-05-23,7.02,6.68,6.73,6.89,7.14,102616193,LWSA3,LOCAWEB
2022-05-24,6.59,6.43,6.63,6.58,6.72,84203653,LWSA3,LOCAWEB
2022-05-25,6.58,6.49,6.74,6.65,6.84,66963793,LWSA3,LOCAWEB
2022-05-26,6.79,6.66,6.93,6.91,7.11,80252037,LWSA3,LOCAWEB
2022-05-27,6.96,6.72,7.02,6.91,7.09,55872353,LWSA3,LOCAWEB
2022-05-30,7.12,6.61,6.67,6.77,7.2,67061749,LWSA3,LOCAWEB
2022-05-31,6.72,6.61,6.61,6.7,6.81,58212543,LWSA3,LOCAWEB
2022-06-01,6.7,6.5,6.53,6.64,6.9,60929400,LWSA3,LOCAWEB
2022-06-02,6.68,6.57,7.1,6.94,7.19,127590725,LWSA3,LOCAWEB
2022-06-03,7.05,6.88,7.09,7.01,7.19,74634304,LWSA3,LOCAWEB
2022-06-06,7.16,7.06,7.21,7.16,7.3,86678160,LWSA3,LOCAWEB
2022-06-07,6.97,6.86,7.27,7.06,7.27,125802286,LWSA3,LOCAWEB
2022-06-08,7.24,6.98,7.01,7.16,7.5,118450899,LWSA3,LOCAWEB
2022-06-09,6.92,6.65,6.65,6.83,7.04,81510354,LWSA3,LOCAWEB
2022-06-10,6.53,6.27,6.31,6.43,6.64,76156104,LWSA3,LOCAWEB
2022-06-13,6.15,5.63,5.7,5.82,6.15,114326980,LWSA3,LOCAWEB
2022-06-14,5.76,5.52,5.56,5.64,5.91,57835085,LWSA3,LOCAWEB
2022-06-15,5.74,5.62,5.81,5.76,5.94,80752532,LWSA3,LOCAWEB
2022-06-17,5.67,5.48,5.48,5.54,5.75,102095551,LWSA3,LOCAWEB
2022-06-20,5.48,5.23,5.26,5.33,5.56,80543657,LWSA3,LOCAWEB
2022-06-21,5.36,5.31,5.42,5.44,5.64,81535615,LWSA3,LOCAWEB
2022-06-22,5.25,5.24,5.55,5.54,5.7,61071252,LWSA3,LOCAWEB
2022-06-23,5.64,5.64,6.05,5.99,6.15,94867812,LWSA3,LOCAWEB
2022-06-24,6.18,5.93,6.13,6.14,6.36,64856045,LWSA3,LOCAWEB
2022-06-27,6.23,5.89,5.99,6.0,6.26,63743504,LWSA3,LOCAWEB
2022-06-28,6.0,5.77,5.88,5.88,6.1,52183748,LWSA3,LOCAWEB
2022-06-29,5.91,5.55,5.72,5.67,5.95,55817893,LWSA3,LOCAWEB
2022-06-30,5.54,5.36,5.62,5.58,5.78,59860890,LWSA3,LOCAWEB
2022-07-01,5.67,5.47,5.71,5.67,5.83,57158129,LWSA3,LOCAWEB
2022-07-04,5.65,5.59,5.95,6.01,6.18,88118277,LWSA3,LOCAWEB
2022-07-05,5.9,5.42,6.11,5.77,6.16,135125522,LWSA3,LOCAWEB
2022-07-06,6.07,5.99,6.59,6.42,6.67,120228648,LWSA3,LOCAWEB
2022-07-07,6.7,6.36,6.55,6.58,6.8,86004744,LWSA3,LOCAWEB
2022-07-08,6.47,6.32,6.43,6.47,6.69,68258315,LWSA3,LOCAWEB
2022-07-11,6.3,6.06,6.11,6.19,6.45,46698784,LWSA3,LOCAWEB
2022-07-12,6.05,6.02,6.2,6.2,6.38,57870306,LWSA3,LOCAWEB
2022-07-13,6.13,5.97,6.13,6.18,6.37,60726426,LWSA3,LOCAWEB
2022-07-14,6.06,5.9,5.9,5.98,6.14,41350589,LWSA3,LOCAWEB
2022-07-15,6.02,5.69,5.72,5.84,6.03,47444876,LWSA3,LOCAWEB
2022-07-18,5.82,5.47,5.49,5.7,6.02,58060695,LWSA3,LOCAWEB
2022-07-19,5.58,5.51,5.79,5.67,5.83,48838854,LWSA3,LOCAWEB
2022-07-20,5.81,5.8,6.69,6.48,6.83,211478693,LWSA3,LOCAWEB
2022-07-21,6.69,6.48,6.69,6.66,6.89,115087875,LWSA3,LOCAWEB
2022-07-22,6.68,6.5,6.74,6.66,6.8,74717550,LWSA3,LOCAWEB
2022-07-25,6.83,6.32,6.48,6.47,6.85,75712209,LWSA3,LOCAWEB
2022-07-26,6.44,6.2,6.34,6.32,6.52,59377767,LWSA3,LOCAWEB
2022-07-27,6.4,6.4,6.77,6.68,6.86,89975193,LWSA3,LOCAWEB
2022-07-28,6.74,6.59,6.95,6.81,6.99,65074759,LWSA3,LOCAWEB
2022-07-29,7.01,6.7,6.77,6.94,7.27,101286104,LWSA3,LOCAWEB
2022-08-01,6.7,6.7,7.11,7.03,7.23,93855964,LWSA3,LOCAWEB
2022-08-02,6.99,6.99,7.73,7.63,8.02,219923881,LWSA3,LOCAWEB
2022-08-03,7.8,7.66,8.65,8.23,8.68,298132803,LWSA3,LOCAWEB
2022-08-04,8.66,8.66,9.11,9.16,9.49,257701663,LWSA3,LOCAWEB
2022-08-05,9.05,8.35,8.92,8.79,9.18,213822043,LWSA3,LOCAWEB
2022-08-08,9.1,8.6,8.71,8.92,9.36,142631671,LWSA3,LOCAWEB
2022-08-09,8.72,8.57,8.8,8.74,8.97,155861438,LWSA3,LOCAWEB
2022-08-10,9.25,8.95,9.19,9.22,9.52,189073323,LWSA3,LOCAWEB
2022-08-11,9.36,8.74,8.99,9.0,9.37,112215717,LWSA3,LOCAWEB
2022-08-12,9.36,9.15,9.93,9.6,9.98,208255542,LWSA3,LOCAWEB
2022-08-15,9.69,9.62,10.48,10.37,10.78,186713403,LWSA3,LOCAWEB
2022-08-16,10.48,10.06,10.52,10.4,10.77,134564524,LWSA3,LOCAWEB
2022-08-17,10.28,10.22,10.73,10.55,10.95,193308542,LWSA3,LOCAWEB
2022-08-18,10.99,10.58,10.88,10.87,11.12,139033442,LWSA3,LOCAWEB
2022-08-19,10.6,9.89,10.04,10.14,10.79,162554809,LWSA3,LOCAWEB
2022-08-22,9.78,9.44,10.07,9.73,10.07,195107813,LWSA3,LOCAWEB
2022-08-23,10.21,10.16,10.36,10.41,10.67,106455139,LWSA3,LOCAWEB
2022-08-24,10.18,9.99,10.07,10.3,10.72,215975340,LWSA3,LOCAWEB
2022-08-25,10.18,9.82,10.02,10.02,10.24,104766379,LWSA3,LOCAWEB
2022-08-26,10.02,9.57,9.64,9.79,10.15,80119793,LWSA3,LOCAWEB
2022-08-29,9.51,9.41,9.62,9.63,9.79,114121677,LWSA3,LOCAWEB
2022-08-30,9.72,9.2,9.41,9.59,9.99,89027865,LWSA3,LOCAWEB
2022-08-31,9.44,9.34,9.35,9.45,9.68,65859578,LWSA3,LOCAWEB
2022-09-01,9.29,9.12,9.52,9.36,9.63,82639250,LWSA3,LOCAWEB
2022-09-02,9.7,9.35,9.46,9.64,9.98,95177079,LWSA3,LOCAWEB
2022-09-05,9.49,9.37,9.44,9.53,9.8,54170080,LWSA3,LOCAWEB
2022-09-06,9.39,8.88,9.01,9.04,9.39,79473554,LWSA3,LOCAWEB
2022-09-08,9.05,9.05,9.23,9.19,9.34,53789922,LWSA3,LOCAWEB
2022-09-09,9.35,9.2,9.27,9.32,9.46,64147594,LWSA3,LOCAWEB
2022-09-12,9.38,9.32,9.69,9.6,9.85,93684264,LWSA3,LOCAWEB
2022-09-13,9.4,9.01,9.23,9.14,9.4,121725797,LWSA3,LOCAWEB
2022-09-14,9.25,9.11,9.3,9.33,9.51,60987669,LWSA3,LOCAWEB
2022-09-15,9.31,9.01,9.12,9.17,9.41,58909464,LWSA3,LOCAWEB
2022-09-16,8.9,8.75,9.06,9.01,9.28,131060928,LWSA3,LOCAWEB
2022-09-19,8.95,8.93,9.17,9.11,9.24,45974186,LWSA3,LOCAWEB
2022-09-20,9.16,9.0,9.25,9.21,9.38,54765818,LWSA3,LOCAWEB
2022-09-21,9.24,9.05,9.24,9.27,9.55,65002081,LWSA3,LOCAWEB
2022-09-22,9.4,8.85,9.15,9.07,9.59,97986982,LWSA3,LOCAWEB
2022-09-23,8.95,8.92,9.1,9.04,9.12,51299778,LWSA3,LOCAWEB
2022-09-26,9.04,8.9,8.97,9.0,9.22,45183486,LWSA3,LOCAWEB
2022-09-27,9.06,8.82,8.95,9.03,9.38,78741412,LWSA3,LOCAWEB
2022-09-28,8.97,8.75,8.96,8.9,9.0,50883398,LWSA3,LOCAWEB
2022-09-29,8.85,8.4,8.45,8.53,8.87,94782258,LWSA3,LOCAWEB
2022-09-30,8.43,8.29,9.0,8.67,9.21,147461405,LWSA3,LOCAWEB
2022-10-03,9.27,9.27,9.83,9.76,10.01,154954556,LWSA3,LOCAWEB
2022-10-04,10.07,10.07,10.38,10.42,10.72,136350624,LWSA3,LOCAWEB
2022-10-05,10.38,10.02,10.77,10.49,10.83,101633444,LWSA3,LOCAWEB
2022-10-06,10.73,10.66,11.19,11.05,11.34,138276881,LWSA3,LOCAWEB
2022-10-07,11.13,10.74,10.9,11.07,11.45,95105230,LWSA3,LOCAWEB
2022-10-10,10.97,10.51,10.69,10.75,11.2,82461064,LWSA3,LOCAWEB
2022-10-11,10.63,9.88,9.95,10.19,10.67,110298385,LWSA3,LOCAWEB
2022-10-13,9.74,9.48,10.01,9.86,10.17,112306152,LWSA3,LOCAWEB
2022-10-14,10.11,9.58,9.68,9.85,10.34,83849200,LWSA3,LOCAWEB
2022-10-17,9.8,9.77,10.2,10.21,10.43,97299146,LWSA3,LOCAWEB
2022-10-18,10.65,10.17,10.78,10.53,10.84,163664497,LWSA3,LOCAWEB
2022-10-19,10.81,10.31,10.48,10.54,10.9,111736289,LWSA3,LOCAWEB
2022-10-20,10.54,9.97,10.24,10.22,10.63,71169466,LWSA3,LOCAWEB
2022-10-21,10.16,10.13,10.51,10.39,10.61,75074858,LWSA3,LOCAWEB
2022-10-24,10.4,10.21,10.46,10.37,10.55,59672139,LWSA3,LOCAWEB
2022-10-25,10.43,10.34,10.38,10.77,11.16,135177072,LWSA3,LOCAWEB
2022-10-26,10.28,9.26,9.33,9.63,10.32,141975092,LWSA3,LOCAWEB
2022-10-27,9.34,9.34,9.78,9.74,9.99,75224895,LWSA3,LOCAWEB
2022-10-28,9.65,9.59,10.14,10.1,10.29,84591635,LWSA3,LOCAWEB
2022-10-31,9.83,9.71,10.93,10.52,11.0,104567814,LWSA3,LOCAWEB
2022-11-01,10.93,10.69,10.89,10.88,11.1,70405113,LWSA3,LOCAWEB
2022-11-03,10.74,10.4,11.1,10.81,11.23,94448635,LWSA3,LOCAWEB
2022-11-04,11.2,10.07,10.08,10.48,11.39,214992049,LWSA3,LOCAWEB
2022-11-07,10.0,9.57,9.63,9.88,10.25,75298292,LWSA3,LOCAWEB
2022-11-08,9.5,9.47,9.72,9.68,9.87,72841115,LWSA3,LOCAWEB
2022-11-09,9.66,9.61,10.0,9.89,10.15,84721639,LWSA3,LOCAWEB
2022-11-10,9.5,8.71,8.96,9.19,9.8,151958257,LWSA3,LOCAWEB
2022-11-11,8.81,7.85,8.08,8.31,8.91,178001432,LWSA3,LOCAWEB
2022-11-14,7.98,7.94,8.4,8.27,8.59,83725722,LWSA3,LOCAWEB
2022-11-16,8.5,7.55,7.72,7.87,8.53,129476037,LWSA3,LOCAWEB
2022-11-17,7.46,7.13,7.55,7.32,7.59,79607603,LWSA3,LOCAWEB
2022-11-18,7.74,7.37,7.4,7.57,7.85,59501090,LWSA3,LOCAWEB
2022-11-21,7.68,7.52,7.77,7.69,7.84,50383954,LWSA3,LOCAWEB
2022-11-22,7.87,7.35,7.48,7.54,7.95,45155097,LWSA3,LOCAWEB
2022-11-23,7.5,7.3,7.52,7.45,7.65,51296783,LWSA3,LOCAWEB
2022-11-24,7.71,7.59,7.7,7.76,7.92,36886186,LWSA3,LOCAWEB
2022-11-25,7.68,7.28,7.36,7.43,7.68,44845225,LWSA3,LOCAWEB
2022-11-28,7.35,7.28,7.45,7.46,7.57,44517821,LWSA3,LOCAWEB
2022-11-29,7.49,7.29,7.81,7.74,7.98,68388790,LWSA3,LOCAWEB
2022-11-30,7.81,7.7,8.4,8.17,8.56,181476108,LWSA3,LOCAWEB
2022-12-01,8.4,8.06,8.41,8.34,8.53,96480107,LWSA3,LOCAWEB
2022-12-02,8.5,8.43,8.97,8.78,9.02,129372908,LWSA3,LOCAWEB
2022-12-05,8.79,8.41,8.44,8.59,8.89,79299587,LWSA3,LOCAWEB
2022-12-06,8.52,8.06,8.2,8.19,8.6,72931340,LWSA3,LOCAWEB
2022-12-07,8.16,7.7,7.92,7.93,8.31,90738059,LWSA3,LOCAWEB
2022-12-08,7.89,7.38,7.58,7.61,7.97,86348870,LWSA3,LOCAWEB
2022-12-09,7.71,7.31,7.43,7.5,7.74,72022818,LWSA3,LOCAWEB
2022-12-12,7.38,7.15,7.45,7.37,7.64,57388273,LWSA3,LOCAWEB
2022-12-13,7.5,7.22,7.26,7.55,7.89,75387462,LWSA3,LOCAWEB
2022-12-14,7.29,6.84,7.08,7.06,7.31,132628876,LWSA3,LOCAWEB
2022-12-15,6.98,6.83,7.11,7.11,7.37,103021016,LWSA3,LOCAWEB
2022-12-16,7.06,6.69,6.75,6.85,7.22,56600145,LWSA3,LOCAWEB
2022-12-19,6.8,6.73,7.1,7.06,7.39,79581430,LWSA3,LOCAWEB
2022-12-20,7.07,6.91,7.54,7.54,7.85,68117578,LWSA3,LOCAWEB
2022-12-21,7.67,7.23,7.48,7.45,7.73,43954733,LWSA3,LOCAWEB
2022-12-22,7.55,7.09,7.17,7.26,7.55,47459762,LWSA3,LOCAWEB
2022-12-23,7.21,7.07,7.18,7.26,7.59,105223430,LWSA3,LOCAWEB
2022-12-26,7.19,6.88,7.04,6.99,7.25,27539158,LWSA3,LOCAWEB
2022-12-27,7.07,6.81,6.87,6.89,7.11,33657084,LWSA3,LOCAWEB
2022-12-28,6.9,6.85,7.05,6.98,7.13,43727723,LWSA3,LOCAWEB
2022-12-29,7.09,7.0,7.02,7.08,7.23,59805946,LWSA3,LOCAWEB
2023-01-02,6.81,6.35,6.42,6.47,6.82,59989794,LWSA3,LOCAWEB
2023-01-03,6.44,5.95,5.98,6.17,6.53,87307028,LWSA3,LOCAWEB
2023-01-04,5.98,5.71,5.99,5.96,6.13,107662455,LWSA3,LOCAWEB
2023-01-05,6.03,6.01,6.54,6.37,6.57,103513920,LWSA3,LOCAWEB
2023-01-06,6.54,6.35,6.5,6.52,6.85,91347613,LWSA3,LOCAWEB
2023-01-09,6.4,6.4,6.55,6.58,6.74,72106853,LWSA3,LOCAWEB
2023-01-10,6.53,6.41,6.87,6.74,6.92,64878623,LWSA3,LOCAWEB
2023-01-11,6.8,6.35,6.6,6.54,6.92,107208126,LWSA3,LOCAWEB
2023-01-12,6.41,6.28,6.5,6.55,6.7,80867645,LWSA3,LOCAWEB
2023-01-13,6.41,6.33,6.46,6.46,6.6,50502519,LWSA3,LOCAWEB
2023-01-16,6.4,6.21,6.27,6.37,6.64,38843269,LWSA3,LOCAWEB
2023-01-17,6.32,6.08,6.21,6.22,6.4,63829757,LWSA3,LOCAWEB
2023-01-18,6.28,6.17,6.34,6.32,6.46,57260998,LWSA3,LOCAWEB
2023-01-19,6.26,6.18,6.45,6.43,6.56,46179346,LWSA3,LOCAWEB
2023-01-20,6.45,6.27,6.42,6.36,6.47,48539098,LWSA3,LOCAWEB
2023-01-23,6.43,6.38,6.38,6.48,6.59,23450321,LWSA3,LOCAWEB
2023-01-24,6.4,6.36,6.52,6.49,6.55,38187782,LWSA3,LOCAWEB
2023-01-25,6.51,6.37,6.68,6.59,6.75,47341714,LWSA3,LOCAWEB
2023-01-26,6.73,6.48,6.51,6.56,6.8,48961814,LWSA3,LOCAWEB
2023-01-27,6.51,6.33,6.36,6.42,6.58,51143841,LWSA3,LOCAWEB
2023-01-30,6.39,6.26,6.34,6.37,6.5,44556348,LWSA3,LOCAWEB
2023-01-31,6.34,6.27,6.41,6.41,6.53,47356875,LWSA3,LOCAWEB
2023-02-01,6.4,6.21,6.32,6.31,6.5,40076076,LWSA3,LOCAWEB
2023-02-02,6.29,6.29,6.59,6.62,6.77,90285731,LWSA3,LOCAWEB
2023-02-03,6.57,5.99,5.99,6.18,6.57,85915160,LWSA3,LOCAWEB
2023-02-06,5.99,5.71,5.8,5.82,6.02,49853800,LWSA3,LOCAWEB
2023-02-07,5.85,5.36,5.4,5.53,5.87,61814912,LWSA3,LOCAWEB
2023-02-08,5.49,5.24,5.55,5.48,5.66,65024330,LWSA3,LOCAWEB
2023-02-09,5.54,5.45,5.47,5.55,5.75,37968724,LWSA3,LOCAWEB
2023-02-10,5.4,5.37,5.44,5.49,5.63,33718520,LWSA3,LOCAWEB
2023-02-13,5.45,5.41,5.54,5.53,5.66,24989555,LWSA3,LOCAWEB
2023-02-14,5.57,5.33,5.43,5.42,5.65,46001059,LWSA3,LOCAWEB
2023-02-15,5.45,5.35,5.65,5.52,5.66,35666748,LWSA3,LOCAWEB
2023-02-16,5.62,5.46,5.7,5.6,5.72,21804681,LWSA3,LOCAWEB
2023-02-17,5.62,5.49,5.53,5.54,5.63,24379289,LWSA3,LOCAWEB
2023-02-22,5.52,5.15,5.17,5.2,5.52,23686376,LWSA3,LOCAWEB
2023-02-23,5.22,5.17,5.19,5.23,5.33,23532072,LWSA3,LOCAWEB
2023-02-24,5.2,5.07,5.1,5.16,5.3,22127233,LWSA3,LOCAWEB
2023-02-27,5.11,4.97,5.0,5.08,5.23,37152090,LWSA3,LOCAWEB
2023-02-28,5.0,4.89,4.89,4.95,5.08,32611699,LWSA3,LOCAWEB
2023-03-01,4.99,4.42,4.47,4.58,5.02,58742590,LWSA3,LOCAWEB
2023-03-02,4.46,4.41,4.58,4.6,4.7,39787067,LWSA3,LOCAWEB
2023-03-03,4.58,4.58,4.75,4.7,4.81,42526751,LWSA3,LOCAWEB
2023-03-06,4.77,4.67,4.87,4.83,4.89,41978445,LWSA3,LOCAWEB
2023-03-07,4.88,4.7,4.76,4.85,4.98,37441018,LWSA3,LOCAWEB
2023-03-08,4.74,4.73,5.32,5.14,5.34,83362557,LWSA3,LOCAWEB
2023-03-09,5.28,5.23,5.72,5.72,6.01,120537881,LWSA3,LOCAWEB
2023-03-10,5.71,5.27,5.78,5.62,5.86,89133090,LWSA3,LOCAWEB
2023-03-13,5.65,5.53,6.12,5.97,6.31,103538483,LWSA3,LOCAWEB
2023-03-14,6.2,5.89,6.0,6.0,6.27,39611059,LWSA3,LOCAWEB
2023-03-15,5.85,5.73,5.98,5.93,6.13,33075782,LWSA3,LOCAWEB
2023-03-16,5.99,5.89,6.76,6.52,6.8,85627946,LWSA3,LOCAWEB
2023-03-17,6.73,6.24,6.26,6.45,6.84,48168665,LWSA3,LOCAWEB
2023-03-20,6.3,5.75,5.86,5.93,6.39,40346918,LWSA3,LOCAWEB
2023-03-21,5.74,5.49,5.51,5.61,5.92,41927704,LWSA3,LOCAWEB
2023-03-22,5.51,5.32,5.53,5.5,5.78,38053089,LWSA3,LOCAWEB
2023-03-23,5.58,5.03,5.11,5.19,5.63,46361292,LWSA3,LOCAWEB
2023-03-24,5.18,4.66,4.7,4.77,5.2,105710547,LWSA3,LOCAWEB
2023-03-27,4.78,4.59,4.59,4.69,4.8,54589929,LWSA3,LOCAWEB
2023-03-28,4.6,4.55,4.74,4.7,4.9,81694237,LWSA3,LOCAWEB
2023-03-29,4.78,4.5,4.65,4.63,4.81,70906105,LWSA3,LOCAWEB
2023-03-30,4.79,4.7,4.87,4.91,5.16,99344421,LWSA3,LOCAWEB
2023-03-31,4.87,4.72,4.79,4.79,4.94,36792290,LWSA3,LOCAWEB
2023-04-03,4.82,4.66,4.72,4.75,4.93,45377627,LWSA3,LOCAWEB
2023-04-04,4.76,4.65,4.77,4.76,4.84,31374124,LWSA3,LOCAWEB
2023-04-05,4.76,4.65,4.7,4.72,4.85,35462204,LWSA3,LOCAWEB
2023-04-06,4.76,4.61,4.72,4.71,4.79,29994212,LWSA3,LOCAWEB
2023-04-10,4.75,4.73,4.92,4.89,5.01,36859951,LWSA3,LOCAWEB
2023-04-11,5.04,5.02,5.24,5.17,5.27,46793990,LWSA3,LOCAWEB
2023-04-12,5.31,5.28,5.38,5.42,5.55,49801162,LWSA3,LOCAWEB
2023-04-13,5.41,5.13,5.28,5.29,5.44,37680823,LWSA3,LOCAWEB
2023-04-14,5.19,5.12,5.4,5.34,5.43,33610188,LWSA3,LOCAWEB
2023-04-17,5.4,5.4,5.64,5.65,5.77,46071378,LWSA3,LOCAWEB
2023-04-18,5.69,5.34,5.39,5.43,5.75,48317063,LWSA3,LOCAWEB
2023-04-19,5.27,5.13,5.21,5.21,5.3,40045389,LWSA3,LOCAWEB
2023-04-20,5.21,5.09,5.29,5.19,5.29,44733681,LWSA3,LOCAWEB
2023-04-24,5.27,5.27,5.39,5.41,5.52,38842921,LWSA3,LOCAWEB
2023-04-25,5.39,5.1,5.18,5.21,5.39,29145322,LWSA3,LOCAWEB
2023-04-26,5.2,4.99,5.12,5.11,5.22,27465279,LWSA3,LOCAWEB
2023-04-27,5.15,5.15,5.32,5.31,5.43,33589463,LWSA3,LOCAWEB
2023-04-28,5.36,5.18,5.26,5.25,5.36,29968974,LWSA3,LOCAWEB
2023-05-02,5.25,5.07,5.17,5.16,5.33,22821395,LWSA3,LOCAWEB
2023-05-03,5.2,5.15,5.4,5.4,5.54,53476406,LWSA3,LOCAWEB
2023-05-04,5.47,5.37,5.55,5.54,5.67,56685793,LWSA3,LOCAWEB
2023-05-05,5.6,5.5,5.65,5.65,5.84,51935415,LWSA3,LOCAWEB
2023-05-08,5.7,5.65,5.84,5.82,5.98,58201810,LWSA3,LOCAWEB
2023-05-09,5.82,5.75,6.02,6.0,6.17,43200029,LWSA3,LOCAWEB
2023-05-10,6.0,5.97,6.35,6.22,6.46,72087789,LWSA3,LOCAWEB
2023-05-11,6.32,6.08,6.16,6.17,6.37,64733688,LWSA3,LOCAWEB
2023-05-12,6.65,6.33,6.9,6.71,7.07,138819583,LWSA3,LOCAWEB
2023-05-15,6.91,6.81,7.18,7.12,7.31,82545714,LWSA3,LOCAWEB
2023-05-16,7.16,6.89,7.05,7.05,7.21,90434674,LWSA3,LOCAWEB
2023-05-17,7.16,6.92,7.12,7.05,7.17,94642246,LWSA3,LOCAWEB
2023-05-18,7.1,7.04,7.3,7.36,7.55,70063459,LWSA3,LOCAWEB
2023-05-19,7.36,7.13,7.42,7.45,7.73,91077366,LWSA3,LOCAWEB
2023-05-22,7.4,7.29,7.51,7.44,7.58,48280630,LWSA3,LOCAWEB
2023-05-23,7.53,7.35,7.38,7.54,7.74,67284727,LWSA3,LOCAWEB
2023-05-24,7.36,7.19,7.36,7.3,7.43,46706180,LWSA3,LOCAWEB
2023-05-25,7.6,7.6,7.91,7.83,7.94,60421571,LWSA3,LOCAWEB
2023-05-26,8.01,7.87,8.04,8.11,8.26,56006510,LWSA3,LOCAWEB
2023-05-29,8.08,7.93,7.96,8.0,8.15,21431277,LWSA3,LOCAWEB
2023-05-30,8.06,7.74,7.86,7.89,8.17,45110569,LWSA3,LOCAWEB
2023-05-31,7.83,7.53,7.66,7.67,8.08,96573856,LWSA3,LOCAWEB
2023-06-01,7.73,7.73,8.57,8.2,8.61,120749328,LWSA3,LOCAWEB
2023-06-02,8.7,8.25,8.35,8.49,8.88,81556836,LWSA3,LOCAWEB
2023-06-05,8.38,8.07,8.18,8.19,8.48,46417907,LWSA3,LOCAWEB
2023-06-06,8.24,8.24,9.01,8.81,9.05,83586964,LWSA3,LOCAWEB
2023-06-07,9.01,8.67,8.83,8.87,9.22,77466861,LWSA3,LOCAWEB
2023-06-09,8.98,8.8,9.05,8.96,9.14,65283866,LWSA3,LOCAWEB
2023-06-12,9.13,8.89,8.91,8.98,9.19,44460788,LWSA3,LOCAWEB
2023-06-13,8.94,8.55,8.61,8.67,9.0,34234436,LWSA3,LOCAWEB
2023-06-14,8.7,8.61,9.3,9.06,9.32,100114952,LWSA3,LOCAWEB
2023-06-15,9.28,9.21,9.54,9.41,9.58,61290254,LWSA3,LOCAWEB
2023-06-16,9.5,9.41,9.44,9.5,9.63,44065509,LWSA3,LOCAWEB
2023-06-19,9.44,9.28,9.47,9.41,9.48,22023816,LWSA3,LOCAWEB
2023-06-20,9.4,9.11,9.42,9.35,9.52,36155079,LWSA3,LOCAWEB
2023-06-21,9.42,8.96,9.3,9.18,9.5,49871166,LWSA3,LOCAWEB
2023-06-22,9.19,8.83,9.04,8.99,9.19,44645243,LWSA3,LOCAWEB
2023-06-23,8.99,8.94,9.39,9.29,9.48,48467866,LWSA3,LOCAWEB
2023-06-26,9.07,8.39,8.45,8.59,9.08,95204500,LWSA3,LOCAWEB
2023-06-27,8.54,8.26,8.4,8.39,8.64,50624732,LWSA3,LOCAWEB
2023-06-28,8.4,8.28,8.38,8.44,8.6,29543937,LWSA3,LOCAWEB
2023-06-29,8.45,8.42,8.66,8.59,8.66,24387985,LWSA3,LOCAWEB
2023-06-30,8.71,8.54,8.58,8.69,8.83,38509069,LWSA3,LOCAWEB
2023-07-03,8.64,8.53,8.92,8.88,9.02,34009930,LWSA3,LOCAWEB
2023-07-04,8.96,8.83,8.97,9.0,9.14,32019285,LWSA3,LOCAWEB
2023-07-05,8.96,8.85,8.99,9.02,9.21,35800898,LWSA3,LOCAWEB
2023-07-06,8.86,8.42,8.42,8.51,8.87,61479122,LWSA3,LOCAWEB
2023-07-07,8.44,8.44,8.52,8.55,8.72,46310382,LWSA3,LOCAWEB
2023-07-10,8.55,8.27,8.27,8.4,8.7,41907035,LWSA3,LOCAWEB
2023-07-11,8.18,7.77,8.08,8.03,8.18,49432353,LWSA3,LOCAWEB
2023-07-12,8.19,7.82,7.91,8.0,8.31,43816882,LWSA3,LOCAWEB
2023-07-13,7.94,7.82,8.1,8.04,8.15,28811022,LWSA3,LOCAWEB
2023-07-14,8.12,7.78,7.79,7.91,8.15,39122421,LWSA3,LOCAWEB
2023-07-17,7.68,7.3,7.66,7.52,7.76,97030797,LWSA3,LOCAWEB
2023-07-18,7.66,7.52,7.61,7.59,7.72,39454252,LWSA3,LOCAWEB
2023-07-19,7.57,7.21,7.3,7.32,7.6,39951331,LWSA3,LOCAWEB
2023-07-20,7.33,6.96,7.03,7.09,7.34,61619637,LWSA3,LOCAWEB
2023-07-21,7.08,7.04,7.17,7.18,7.3,66909378,LWSA3,LOCAWEB
2023-07-24,7.18,6.99,7.19,7.13,7.28,55175797,LWSA3,LOCAWEB
2023-07-25,7.37,7.11,7.15,7.3,7.55,59233846,LWSA3,LOCAWEB
2023-07-26,7.15,6.97,7.2,7.08,7.2,53448470,LWSA3,LOCAWEB
2023-07-27,7.28,6.96,6.97,7.12,7.44,50116261,LWSA3,LOCAWEB
2023-07-28,7.06,6.97,7.1,7.07,7.16,24357836,LWSA3,LOCAWEB
2023-07-31,7.16,7.11,7.41,7.34,7.47,46869393,LWSA3,LOCAWEB
2023-08-01,7.4,7.29,7.41,7.39,7.49,28556091,LWSA3,LOCAWEB
2023-08-02,7.42,7.0,7.03,7.14,7.45,61250985,LWSA3,LOCAWEB
2023-08-03,7.23,7.08,7.14,7.25,7.41,65510220,LWSA3,LOCAWEB
2023-08-04,7.11,7.06,7.09,7.16,7.29,34525790,LWSA3,LOCAWEB
2023-08-07,7.14,6.95,7.09,7.04,7.14,22708724,LWSA3,LOCAWEB
2023-08-08,7.05,6.99,7.28,7.29,7.39,62466764,LWSA3,LOCAWEB
2023-08-09,7.3,7.14,7.44,7.31,7.44,51644178,LWSA3,LOCAWEB
2023-08-10,7.46,7.46,7.8,7.68,7.88,92111382,LWSA3,LOCAWEB
2023-08-11,7.66,6.96,7.17,7.17,7.68,155875220,LWSA3,LOCAWEB
2023-08-14,7.11,6.88,6.94,7.19,7.4,77490624,LWSA3,LOCAWEB
2023-08-15,6.97,6.56,6.75,6.73,7.04,61876847,LWSA3,LOCAWEB
2023-08-16,6.72,6.48,6.53,6.58,6.77,53737730,LWSA3,LOCAWEB
2023-08-17,6.6,6.49,6.54,6.65,6.98,66504935,LWSA3,LOCAWEB
2023-08-18,6.49,6.4,6.73,6.63,6.77,34677978,LWSA3,LOCAWEB
2023-08-21,6.73,6.52,6.77,6.63,6.8,62784756,LWSA3,LOCAWEB
2023-08-22,6.95,6.84,7.01,6.96,7.05,38698860,LWSA3,LOCAWEB
2023-08-23,7.04,6.89,7.4,7.14,7.4,51494732,LWSA3,LOCAWEB
2023-08-24,7.38,7.14,7.18,7.25,7.4,26489653,LWSA3,LOCAWEB
2023-08-25,7.17,6.72,6.8,6.84,7.17,56079236,LWSA3,LOCAWEB
2023-08-28,6.83,6.71,6.79,6.81,6.93,44258744,LWSA3,LOCAWEB
2023-08-29,6.86,6.63,7.09,6.86,7.09,33671320,LWSA3,LOCAWEB
2023-08-30,7.07,6.99,7.17,7.16,7.27,19258204,LWSA3,LOCAWEB
2023-08-31,7.2,7.03,7.07,7.16,7.31,30666385,LWSA3,LOCAWEB
2023-09-01,7.15,7.03,7.26,7.15,7.26,27634610,LWSA3,LOCAWEB
2023-09-04,7.22,7.22,7.46,7.52,7.7,36427890,LWSA3,LOCAWEB
2023-09-05,7.45,7.2,7.26,7.29,7.45,26779553,LWSA3,LOCAWEB
2023-09-06,7.23,6.92,6.97,7.05,7.31,28912804,LWSA3,LOCAWEB
2023-09-08,6.86,6.78,6.97,6.91,7.04,21315657,LWSA3,LOCAWEB
2023-09-11,7.0,6.81,7.01,6.96,7.1,25874166,LWSA3,LOCAWEB
2023-09-12,7.04,6.85,6.87,6.9,7.04,26184801,LWSA3,LOCAWEB
2023-09-13,6.83,6.78,7.09,7.04,7.19,41658112,LWSA3,LOCAWEB
2023-09-14,7.14,6.9,7.01,6.99,7.16,30625921,LWSA3,LOCAWEB
2023-09-15,7.02,6.76,6.76,6.82,7.05,32210548,LWSA3,LOCAWEB
2023-09-18,6.75,6.58,6.58,6.64,6.82,21158370,LWSA3,LOCAWEB
2023-09-19,6.61,6.44,6.6,6.52,6.62,23622841,LWSA3,LOCAWEB
2023-09-20,6.6,6.6,6.68,6.74,6.86,23211256,LWSA3,LOCAWEB
2023-09-21,6.53,6.26,6.33,6.36,6.53,39608663,LWSA3,LOCAWEB
2023-09-22,6.4,6.16,6.29,6.27,6.44,24450786,LWSA3,LOCAWEB
2023-09-25,6.24,6.19,6.37,6.38,6.47,22397571,LWSA3,LOCAWEB
2023-09-26,6.3,6.05,6.1,6.17,6.35,20622597,LWSA3,LOCAWEB
2023-09-27,6.16,6.08,6.16,6.17,6.28,29142062,LWSA3,LOCAWEB
2023-09-28,6.15,6.03,6.21,6.16,6.28,23764249,LWSA3,LOCAWEB
2023-09-29,6.36,6.36,6.39,6.45,6.55,35831079,LWSA3,LOCAWEB
2023-10-02,6.35,6.0,6.08,6.14,6.36,35484506,LWSA3,LOCAWEB
2023-10-03,6.0,5.8,5.84,5.98,6.19,30055491,LWSA3,LOCAWEB
2023-10-04,5.88,5.85,6.26,6.15,6.43,51245606,LWSA3,LOCAWEB
2023-10-05,6.22,6.19,6.35,6.29,6.42,32230203,LWSA3,LOCAWEB
2023-10-06,6.16,6.09,6.41,6.27,6.5,31143792,LWSA3,LOCAWEB
2023-10-09,6.3,6.17,6.39,6.3,6.42,31204597,LWSA3,LOCAWEB
2023-10-10,6.45,6.37,6.51,6.46,6.61,35432613,LWSA3,LOCAWEB
2023-10-11,6.53,6.35,6.4,6.44,6.62,26813142,LWSA3,LOCAWEB
2023-10-13,6.35,6.06,6.11,6.12,6.35,87090844,LWSA3,LOCAWEB
2023-10-16,6.12,6.01,6.15,6.17,6.26,22396482,LWSA3,LOCAWEB
2023-10-17,6.1,5.99,5.99,6.09,6.23,44938604,LWSA3,LOCAWEB
2023-10-18,5.93,5.88,5.99,5.96,6.08,61740434,LWSA3,LOCAWEB
2023-10-19,5.96,5.72,5.73,5.85,6.08,48430905,LWSA3,LOCAWEB
2023-10-20,5.64,5.64,5.82,5.78,5.9,24920918,LWSA3,LOCAWEB
2023-10-23,5.76,5.75,5.78,5.83,5.94,30792338,LWSA3,LOCAWEB
2023-10-24,5.91,5.79,6.03,5.89,6.08,44120361,LWSA3,LOCAWEB
2023-10-25,6.02,5.83,5.84,5.91,6.05,33813136,LWSA3,LOCAWEB
2023-10-26,5.9,5.84,5.84,5.93,6.12,31271631,LWSA3,LOCAWEB
2023-10-27,5.89,5.59,5.6,5.76,6.0,36670122,LWSA3,LOCAWEB
2023-10-30,5.66,5.37,5.43,5.47,5.66,31286104,LWSA3,LOCAWEB
2023-10-31,5.46,5.33,5.44,5.45,5.54,28691400,LWSA3,LOCAWEB
2023-11-01,5.51,5.48,6.0,5.92,6.15,72672628,LWSA3,LOCAWEB
2023-11-03,6.15,6.15,6.72,6.42,6.72,58458875,LWSA3,LOCAWEB
2023-11-06,6.69,6.42,6.49,6.55,6.75,35302251,LWSA3,LOCAWEB
2023-11-07,6.49,6.39,6.82,6.72,6.89,37063846,LWSA3,LOCAWEB
2023-11-08,6.79,6.75,6.81,6.87,7.04,27599541,LWSA3,LOCAWEB
2023-11-09,6.87,6.61,6.61,6.75,6.93,22773547,LWSA3,LOCAWEB
2023-11-10,6.46,6.18,6.26,6.33,6.68,95391410,LWSA3,LOCAWEB
2023-11-13,6.23,6.03,6.16,6.16,6.31,70806534,LWSA3,LOCAWEB
2023-11-14,6.22,6.15,6.22,6.25,6.38,67486848,LWSA3,LOCAWEB
2023-11-16,6.24,6.24,6.29,6.32,6.48,79121319,LWSA3,LOCAWEB
2023-11-17,6.29,6.12,6.12,6.22,6.39,62923473,LWSA3,LOCAWEB
2023-11-20,6.15,6.13,6.23,6.19,6.28,40902140,LWSA3,LOCAWEB
2023-11-21,6.23,6.04,6.16,6.12,6.25,23213087,LWSA3,LOCAWEB
2023-11-22,6.18,6.01,6.09,6.22,6.45,51253840,LWSA3,LOCAWEB
2023-11-23,6.1,6.0,6.2,6.11,6.2,21989079,LWSA3,LOCAWEB
2023-11-24,6.21,5.76,5.77,5.92,6.21,55080900,LWSA3,LOCAWEB
2023-11-27,5.95,5.86,5.94,5.96,6.09,51506095,LWSA3,LOCAWEB
2023-11-28,5.96,5.92,6.05,6.03,6.12,48183397,LWSA3,LOCAWEB
2023-11-29,6.1,5.95,5.98,6.05,6.19,48509721,LWSA3,LOCAWEB
2023-11-30,6.05,5.95,6.09,6.04,6.1,33727992,LWSA3,LOCAWEB
2023-12-01,6.1,5.99,6.16,6.14,6.25,35613904,LWSA3,LOCAWEB
2023-12-04,6.17,5.89,6.0,5.98,6.22,38400911,LWSA3,LOCAWEB
2023-12-05,5.99,5.97,6.02,6.02,6.13,62810582,LWSA3,LOCAWEB
2023-12-06,6.1,5.95,5.98,6.0,6.11,30815912,LWSA3,LOCAWEB
2023-12-07,6.01,5.96,6.01,6.07,6.3,113509422,LWSA3,LOCAWEB
2023-12-08,6.07,5.85,5.98,5.93,6.07,31187788,LWSA3,LOCAWEB
2023-12-11,5.91,5.8,5.85,5.85,5.96,22395437,LWSA3,LOCAWEB
2023-12-12,5.88,5.67,5.99,5.78,6.08,109832625,LWSA3,LOCAWEB
2023-12-13,5.99,5.86,6.08,5.96,6.09,77772842,LWSA3,LOCAWEB
2023-12-14,6.13,6.08,6.15,6.2,6.49,179134534,LWSA3,LOCAWEB
2023-12-15,6.25,5.86,5.92,5.95,6.29,119462252,LWSA3,LOCAWEB
2023-12-18,5.97,5.87,5.95,5.93,6.03,28737346,LWSA3,LOCAWEB
2023-12-19,5.97,5.88,5.98,5.95,6.01,20141651,LWSA3,LOCAWEB
2023-12-20,5.95,5.94,6.09,6.14,6.27,55978023,LWSA3,LOCAWEB
2023-12-21,6.14,5.94,6.03,6.06,6.25,39739855,LWSA3,LOCAWEB
2023-12-22,6.06,5.92,6.03,5.99,6.12,47700856,LWSA3,LOCAWEB
2023-12-26,6.05,6.05,6.27,6.22,6.35,49475686,LWSA3,LOCAWEB
2023-12-27,6.22,6.19,6.3,6.29,6.41,35537709,LWSA3,LOCAWEB
2023-12-28,6.27,5.92,6.01,6.01,6.28,73142539,LWSA3,LOCAWEB
2024-01-02,5.99,5.56,5.57,5.73,6.0,67862248,LWSA3,LOCAWEB
2024-01-03,5.58,5.5,5.51,5.57,5.67,45902854,LWSA3,LOCAWEB
2024-01-04,5.55,5.4,5.42,5.45,5.55,40140567,LWSA3,LOCAWEB
2024-01-05,5.38,5.36,5.6,5.61,5.74,59361083,LWSA3,LOCAWEB
2024-01-08,5.6,5.53,5.8,5.69,5.8,46265603,LWSA3,LOCAWEB
2024-01-09,5.94,5.87,6.12,6.06,6.17,132147291,LWSA3,LOCAWEB
2024-01-10,6.15,6.03,6.18,6.12,6.2,55338313,LWSA3,LOCAWEB
2024-01-11,6.21,6.06,6.13,6.13,6.23,66706586,LWSA3,LOCAWEB
2024-01-12,6.14,6.1,6.24,6.3,6.45,73982506,LWSA3,LOCAWEB
2024-01-15,6.24,6.13,6.2,6.19,6.24,25566411,LWSA3,LOCAWEB
2024-01-16,6.18,5.93,6.04,6.04,6.18,57804005,LWSA3,LOCAWEB
2024-01-17,6.05,6.05,6.14,6.17,6.33,71318890,LWSA3,LOCAWEB
2024-01-18,6.21,5.87,5.88,5.96,6.24,68343495,LWSA3,LOCAWEB
2024-01-19,5.92,5.58,5.76,5.7,5.92,134545555,LWSA3,LOCAWEB
2024-01-22,5.77,5.42,5.49,5.55,5.79,67434938,LWSA3,LOCAWEB
2024-01-23,5.54,5.46,5.57,5.52,5.58,49933554,LWSA3,LOCAWEB
2024-01-24,5.6,5.48,5.51,5.65,5.87,65902126,LWSA3,LOCAWEB
2024-01-25,5.56,5.45,5.51,5.51,5.62,60494806,LWSA3,LOCAWEB
2024-01-26,5.54,5.46,5.55,5.53,5.6,56407029,LWSA3,LOCAWEB
2024-01-29,5.55,5.46,5.49,5.51,5.62,42343492,LWSA3,LOCAWEB
2024-01-30,5.49,5.19,5.25,5.28,5.5,52837552,LWSA3,LOCAWEB
2024-01-31,5.25,5.22,5.46,5.49,5.68,87767102,LWSA3,LOCAWEB
2024-02-01,5.46,5.36,5.56,5.47,5.57,38978950,LWSA3,LOCAWEB
2024-02-02,5.56,5.33,5.34,5.42,5.63,49559487,LWSA3,LOCAWEB
2024-02-05,5.3,4.97,5.08,5.07,5.3,58071615,LWSA3,LOCAWEB
2024-02-06,5.1,5.03,5.25,5.2,5.28,49045304,LWSA3,LOCAWEB
2024-02-07,5.2,5.2,5.51,5.41,5.51,59273230,LWSA3,LOCAWEB
2024-02-08,5.47,5.39,5.51,5.45,5.53,35948894,LWSA3,LOCAWEB
2024-02-09,5.5,5.46,5.59,5.63,5.72,36353995,LWSA3,LOCAWEB
2024-02-14,5.5,5.36,5.46,5.42,5.52,24716844,LWSA3,LOCAWEB
2024-02-15,5.49,5.22,5.28,5.29,5.49,45398481,LWSA3,LOCAWEB
2024-02-16,5.33,5.31,5.42,5.42,5.52,44964323,LWSA3,LOCAWEB
2024-02-19,5.42,5.28,5.66,5.53,5.78,52930506,LWSA3,LOCAWEB
2024-02-20,5.61,5.43,5.54,5.52,5.62,38177024,LWSA3,LOCAWEB
2024-02-21,5.52,5.3,5.38,5.37,5.53,39134794,LWSA3,LOCAWEB
2024-02-22,5.44,5.37,5.52,5.47,5.53,33504943,LWSA3,LOCAWEB
2024-02-23,5.5,5.41,5.45,5.45,5.53,16009498,LWSA3,LOCAWEB
2024-02-26,5.44,5.41,5.52,5.51,5.59,18788659,LWSA3,LOCAWEB
2024-02-27,5.58,5.51,5.66,5.61,5.71,36890767,LWSA3,LOCAWEB
2024-02-28,5.61,5.49,5.56,5.57,5.69,32914739,LWSA3,LOCAWEB
2024-02-29,5.51,5.47,5.57,5.6,5.74,41215395,LWSA3,LOCAWEB
2024-03-01,5.58,5.58,5.75,5.75,5.84,36484592,LWSA3,LOCAWEB
2024-03-04,5.75,5.54,5.64,5.61,5.79,26483408,LWSA3,LOCAWEB
2024-03-05,5.64,5.59,5.84,5.81,5.93,45454376,LWSA3,LOCAWEB
2024-03-06,5.9,5.73,5.8,5.8,5.9,29466498,LWSA3,LOCAWEB
2024-03-07,5.8,5.68,5.74,5.75,5.88,18552237,LWSA3,LOCAWEB
2024-03-08,5.66,5.61,5.73,5.7,5.9,41242849,LWSA3,LOCAWEB
2024-03-11,5.7,5.65,5.77,5.74,5.84,33462567,LWSA3,LOCAWEB
2024-03-12,5.8,5.66,5.88,5.8,5.89,37822096,LWSA3,LOCAWEB
2024-03-13,5.83,5.8,5.9,5.87,5.97,38695518,LWSA3,LOCAWEB
2024-03-14,5.9,5.74,5.8,5.81,5.92,34874820,LWSA3,LOCAWEB
2024-03-15,5.8,5.56,5.66,5.65,5.8,79897362,LWSA3,LOCAWEB
2024-03-18,5.68,5.65,5.81,5.78,5.85,34144130,LWSA3,LOCAWEB
2024-03-19,5.82,5.76,5.88,5.84,5.92,36431524,LWSA3,LOCAWEB
2024-03-20,5.88,5.78,5.94,5.89,5.95,43776210,LWSA3,LOCAWEB
2024-03-21,6.11,5.89,6.05,6.05,6.27,109921069,LWSA3,LOCAWEB
2024-03-22,6.0,5.76,5.83,5.84,6.01,61524759,LWSA3,LOCAWEB
2024-03-25,5.83,5.75,5.87,5.85,5.94,35309829,LWSA3,LOCAWEB
2024-03-26,5.88,5.76,6.0,5.93,6.0,35201805,LWSA3,LOCAWEB
2024-03-27,5.98,5.95,6.01,5.99,6.06,53459016,LWSA3,LOCAWEB
2024-03-28,5.97,5.67,5.84,5.83,6.06,55759433,LWSA3,LOCAWEB
2024-04-01,5.73,5.47,5.47,5.57,5.75,79343101,LWSA3,LOCAWEB
2024-04-02,5.4,5.29,5.38,5.36,5.44,44788054,LWSA3,LOCAWEB
2024-04-03,5.36,5.19,5.27,5.28,5.37,38635483,LWSA3,LOCAWEB
2024-04-04,5.29,5.18,5.2,5.27,5.37,33293769,LWSA3,LOCAWEB
2024-04-05,5.21,5.21,5.27,5.28,5.35,27902686,LWSA3,LOCAWEB
2024-04-08,5.3,5.2,5.32,5.29,5.38,24363255,LWSA3,LOCAWEB
2024-04-09,5.34,5.33,5.47,5.44,5.56,39095617,LWSA3,LOCAWEB
2024-04-10,5.44,5.33,5.42,5.37,5.45,47776519,LWSA3,LOCAWEB
2024-04-11,5.36,5.3,5.46,5.4,5.5,33950554,LWSA3,LOCAWEB
2024-04-12,5.43,5.08,5.21,5.2,5.43,53816162,LWSA3,LOCAWEB
2024-04-15,5.21,5.07,5.07,5.12,5.25,36981219,LWSA3,LOCAWEB
2024-04-16,5.01,4.83,4.85,4.91,5.01,46490160,LWSA3,LOCAWEB
2024-04-17,4.89,4.77,5.03,4.93,5.09,45377335,LWSA3,LOCAWEB
2024-04-18,5.03,4.84,4.87,4.92,5.07,30414232,LWSA3,LOCAWEB
2024-04-19,4.83,4.83,4.87,4.88,5.01,23958548,LWSA3,LOCAWEB
2024-04-22,4.88,4.83,4.9,4.9,4.98,25231072,LWSA3,LOCAWEB
2024-04-23,4.84,4.75,4.86,4.83,4.9,26058183,LWSA3,LOCAWEB
2024-04-24,4.86,4.74,4.74,4.79,4.87,26279913,LWSA3,LOCAWEB
2024-04-25,4.71,4.58,4.58,4.62,4.72,34627098,LWSA3,LOCAWEB
2024-04-26,4.63,4.55,4.7,4.65,4.71,49067622,LWSA3,LOCAWEB
2024-04-29,4.7,4.65,4.75,4.72,4.8,29335710,LWSA3,LOCAWEB
2024-04-30,4.71,4.55,4.6,4.59,4.73,43560644,LWSA3,LOCAWEB
2024-05-02,4.7,4.67,4.93,4.86,4.99,34704962,LWSA3,LOCAWEB
2024-05-03,5.07,4.97,5.0,5.03,5.14,35315208,LWSA3,LOCAWEB
2024-05-06,4.99,4.94,4.95,4.98,5.05,16760471,LWSA3,LOCAWEB
2024-05-07,4.95,4.88,4.93,4.92,4.99,27727358,LWSA3,LOCAWEB
2024-05-08,4.85,4.82,4.93,4.88,4.93,15115658,LWSA3,LOCAWEB
2024-05-09,4.83,4.67,5.13,4.94,5.17,59351770,LWSA3,LOCAWEB
2024-05-10,5.2,4.67,4.92,4.86,5.2,85547158,LWSA3,LOCAWEB
2024-05-13,4.91,4.73,4.77,4.78,4.92,24495200,LWSA3,LOCAWEB
2024-05-14,4.77,4.73,4.75,4.77,4.81,15921793,LWSA3,LOCAWEB
2024-05-15,4.71,4.7,4.71,4.73,4.8,26398208,LWSA3,LOCAWEB
2024-05-16,4.74,4.41,4.64,4.55,4.79,62200762,LWSA3,LOCAWEB
2024-05-17,4.62,4.59,4.63,4.62,4.65,16382925,LWSA3,LOCAWEB
2024-05-20,4.62,4.55,4.58,4.61,4.7,28476326,LWSA3,LOCAWEB
2024-05-21,4.58,4.41,4.45,4.46,4.58,27367336,LWSA3,LOCAWEB
2024-05-22,4.44,4.09,4.13,4.24,4.45,48643508,LWSA3,LOCAWEB
2024-05-23,4.15,4.03,4.1,4.09,4.32,83179053,LWSA3,LOCAWEB
2024-05-24,4.12,4.08,4.14,4.15,4.21,28203668,LWSA3,LOCAWEB
2024-05-27,4.14,4.12,4.2,4.18,4.3,22386414,LWSA3,LOCAWEB
2024-05-28,4.23,4.11,4.13,4.2,4.35,31336751,LWSA3,LOCAWEB
2024-05-29,4.09,4.05,4.27,4.22,4.29,56545283,LWSA3,LOCAWEB
2024-05-31,4.29,4.22,4.33,4.29,4.4,31149858,LWSA3,LOCAWEB
2024-06-03,4.5,4.49,4.5,4.6,4.7,83237821,LWSA3,LOCAWEB
2024-06-04,4.46,4.35,4.49,4.5,4.65,58004061,LWSA3,LOCAWEB
2024-06-05,4.5,4.22,4.34,4.33,4.53,54434464,LWSA3,LOCAWEB
2024-06-06,4.39,4.39,4.61,4.56,4.65,55442851,LWSA3,LOCAWEB
2024-06-07,4.5,4.22,4.22,4.32,4.5,76759503,LWSA3,LOCAWEB
2024-06-10,4.22,4.18,4.19,4.25,4.38,44949951,LWSA3,LOCAWEB
2024-06-11,4.23,4.22,4.3,4.27,4.33,27948384,LWSA3,LOCAWEB
2024-06-12,4.38,4.08,4.13,4.18,4.4,60911883,LWSA3,LOCAWEB
2024-06-13,4.14,4.12,4.12,4.18,4.26,31735324,LWSA3,LOCAWEB
2024-06-14,4.13,4.13,4.2,4.21,4.29,25616041,LWSA3,LOCAWEB
2024-06-17,4.17,4.02,4.02,4.07,4.18,30681013,LWSA3,LOCAWEB
2024-06-18,4.05,3.93,3.98,4.0,4.08,25846225,LWSA3,LOCAWEB
2024-06-19,4.0,3.93,4.05,4.02,4.09,22052218,LWSA3,LOCAWEB
2024-06-20,4.09,4.01,4.02,4.06,4.19,28288467,LWSA3,LOCAWEB
2024-06-21,4.01,3.95,3.99,4.0,4.09,20833464,LWSA3,LOCAWEB
2024-06-24,4.0,4.0,4.11,4.06,4.11,14580006,LWSA3,LOCAWEB
2024-06-25,4.07,3.95,4.0,3.99,4.07,26701700,LWSA3,LOCAWEB
2024-06-26,3.98,3.84,3.94,3.9,3.98,32560293,LWSA3,LOCAWEB
2024-06-27,3.98,3.96,4.15,4.06,4.15,37915960,LWSA3,LOCAWEB
2024-06-28,4.15,4.01,4.05,4.04,4.16,18543900,LWSA3,LOCAWEB
2024-07-01,4.06,3.98,3.99,4.0,4.06,17392722,LWSA3,LOCAWEB
2024-07-02,4.0,3.9,3.9,3.93,4.01,24362160,LWSA3,LOCAWEB
2024-07-03,3.95,3.95,4.06,4.04,4.1,26707978,LWSA3,LOCAWEB
2024-07-04,4.13,4.08,4.19,4.14,4.23,23857872,LWSA3,LOCAWEB
2024-07-05,4.15,4.11,4.47,4.34,4.47,35445116,LWSA3,LOCAWEB
2024-07-08,4.44,4.43,4.48,4.5,4.58,37537247,LWSA3,LOCAWEB
2024-07-09,4.47,4.36,4.49,4.44,4.54,31889306,LWSA3,LOCAWEB
2024-07-10,4.63,4.54,4.65,4.64,4.76,63385469,LWSA3,LOCAWEB
2024-07-11,4.75,4.68,4.71,4.74,4.82,39574383,LWSA3,LOCAWEB
2024-07-12,4.7,4.54,4.59,4.61,4.75,21265845,LWSA3,LOCAWEB
2024-07-15,4.57,4.56,4.65,4.62,4.69,26068119,LWSA3,LOCAWEB
2024-07-16,4.65,4.65,4.66,4.74,4.88,36774021,LWSA3,LOCAWEB
2024-07-17,4.62,4.54,4.6,4.59,4.68,43659274,LWSA3,LOCAWEB
2024-07-18,4.57,4.38,4.45,4.44,4.58,33884981,LWSA3,LOCAWEB
2024-07-19,4.41,4.32,4.33,4.38,4.5,25802300,LWSA3,LOCAWEB
2024-07-22,4.35,4.35,4.52,4.5,4.58,35291512,LWSA3,LOCAWEB
2024-07-23,4.47,4.37,4.38,4.4,4.49,28687967,LWSA3,LOCAWEB
2024-07-24,4.38,4.29,4.32,4.37,4.47,31878402,LWSA3,LOCAWEB
2024-07-25,4.32,4.32,4.45,4.44,4.55,36348493,LWSA3,LOCAWEB
2024-07-26,4.45,4.43,4.45,4.46,4.53,12520559,LWSA3,LOCAWEB
2024-07-29,4.42,4.25,4.26,4.31,4.48,17590122,LWSA3,LOCAWEB
2024-07-30,4.21,4.21,4.24,4.24,4.33,17554653,LWSA3,LOCAWEB
2024-07-31,4.26,4.26,4.4,4.35,4.41,26254443,LWSA3,LOCAWEB
2024-08-01,4.41,4.25,4.27,4.32,4.45,20201860,LWSA3,LOCAWEB
2024-08-02,4.28,4.28,4.38,4.34,4.4,15986109,LWSA3,LOCAWEB
2024-08-05,4.18,4.15,4.34,4.28,4.4,18082911,LWSA3,LOCAWEB
2024-08-06,4.34,4.27,4.34,4.31,4.4,13366997,LWSA3,LOCAWEB
2024-08-07,4.36,4.36,4.62,4.55,4.67,32106985,LWSA3,LOCAWEB
2024-08-08,4.62,4.55,4.62,4.59,4.68,14953126,LWSA3,LOCAWEB
2024-08-09,4.66,4.62,4.7,4.67,4.72,16117624,LWSA3,LOCAWEB
2024-08-12,4.73,4.66,4.67,4.75,4.95,24308071,LWSA3,LOCAWEB
2024-08-13,4.67,4.67,4.75,4.75,4.84,32404034,LWSA3,LOCAWEB
2024-08-14,4.9,4.69,4.77,4.82,4.99,76061567,LWSA3,LOCAWEB
2024-08-15,4.77,4.71,4.77,4.78,4.87,23501314,LWSA3,LOCAWEB
2024-08-16,4.81,4.58,4.63,4.67,4.81,24826148,LWSA3,LOCAWEB
2024-08-19,4.64,4.63,5.22,5.11,5.35,97885517,LWSA3,LOCAWEB
2024-08-20,5.26,4.99,5.02,5.05,5.26,37637359,LWSA3,LOCAWEB
2024-08-21,5.0,4.93,4.99,5.01,5.13,29616159,LWSA3,LOCAWEB
2024-08-22,5.0,4.76,4.82,4.87,5.05,24264363,LWSA3,LOCAWEB
2024-08-23,4.81,4.79,4.8,4.84,4.91,23373113,LWSA3,LOCAWEB
2024-08-26,4.82,4.68,4.78,4.76,4.9,28820739,LWSA3,LOCAWEB
2024-08-27,4.78,4.66,4.75,4.72,4.83,52329882,LWSA3,LOCAWEB
2024-08-28,4.74,4.72,4.8,4.84,4.89,35516793,LWSA3,LOCAWEB
2024-08-29,4.77,4.6,4.63,4.7,4.84,30247246,LWSA3,LOCAWEB
2024-08-30,4.59,4.54,4.55,4.59,4.68,23560189,LWSA3,LOCAWEB
2024-09-02,4.53,4.51,4.6,4.56,4.62,13721291,LWSA3,LOCAWEB
2024-09-03,4.63,4.45,4.47,4.52,4.66,17425486,LWSA3,LOCAWEB
2024-09-04,4.5,4.45,4.46,4.51,4.61,18473216,LWSA3,LOCAWEB
2024-09-05,4.46,4.45,4.5,4.55,4.76,25211821,LWSA3,LOCAWEB
2024-09-06,4.51,4.45,4.45,4.47,4.58,20325729,LWSA3,LOCAWEB
2024-09-09,4.47,4.34,4.4,4.38,4.47,16476934,LWSA3,LOCAWEB
2024-09-10,4.34,4.34,4.4,4.41,4.47,16060000,LWSA3,LOCAWEB
2024-09-11,4.39,4.36,4.42,4.41,4.48,16508382,LWSA3,LOCAWEB
2024-09-12,4.42,4.34,4.41,4.4,4.45,12170008,LWSA3,LOCAWEB
2024-09-13,4.42,4.42,4.54,4.55,4.62,16913034,LWSA3,LOCAWEB
2024-09-16,4.55,4.51,4.58,4.55,4.62,9449171,LWSA3,LOCAWEB
2024-09-17,4.57,4.43,4.56,4.5,4.6,13689686,LWSA3,LOCAWEB
2024-09-18,4.5,4.44,4.51,4.53,4.7,18216971,LWSA3,LOCAWEB
2024-09-19,4.56,4.35,4.36,4.45,4.56,26579154,LWSA3,LOCAWEB
2024-09-20,4.39,4.12,4.15,4.2,4.39,48093703,LWSA3,LOCAWEB
2024-09-23,4.15,4.08,4.21,4.15,4.21,23548973,LWSA3,LOCAWEB
2024-09-24,4.25,4.22,4.29,4.29,4.34,17816221,LWSA3,LOCAWEB
2024-09-25,4.29,4.13,4.17,4.17,4.3,24981568,LWSA3,LOCAWEB
2024-09-26,4.19,4.17,4.28,4.24,4.32,17260985,LWSA3,LOCAWEB
2024-09-27,4.26,4.25,4.3,4.32,4.37,18883676,LWSA3,LOCAWEB
2024-09-30,4.3,4.15,4.18,4.21,4.3,14678082,LWSA3,LOCAWEB
2024-10-01,4.22,4.15,4.16,4.19,4.26,14522278,LWSA3,LOCAWEB
2024-10-02,4.21,4.14,4.19,4.22,4.34,19011813,LWSA3,LOCAWEB
2024-10-03,4.12,4.0,4.07,4.04,4.12,29376602,LWSA3,LOCAWEB
2024-10-04,4.06,4.01,4.1,4.06,4.12,21657917,LWSA3,LOCAWEB
2024-10-04,4.06,4.01,4.1,4.06,4.12,21657917,LWSA3,LOCAWEB
